Date|Close|Open|High|Low|Volume|Change
2014-04-28|104|104|104|104||0.00%
2014-04-29|104|104|104|104||0.00%
2014-04-30|104|104|104|104||0.00%
2014-05-01|104|104|104|104||0.00%
2014-05-02|104|104|104|104||0.00%
2014-05-05|104|104|104|104||0.00%
2014-05-06|104|104|104|104||0.00%
2014-05-07|104|104|104|104||0.00%
2014-05-08|104|104|104|104||0.00%
2014-05-09|104|104|104|104||0.00%
2014-05-12|104|104|104|104||0.00%
2014-05-13|104|104|104|104||0.00%
2014-05-14|104|104|104|104||0.00%
2014-05-15|104|104|104|104||0.00%
2014-05-16|104|104|104|104||0.00%
2014-05-19|104|104|104|104||0.00%
2014-05-20|104|104|104|104||0.00%
2014-05-21|104|104|104|104||0.00%
2014-05-22|104|104|104|104||0.00%
2014-05-23|104|104|104|104||0.00%
2014-05-27|104|104|104|104||0.00%
2014-05-28|104|104|104|104||0.00%
2014-05-29|104|104|104|104||0.00%
2014-06-02|104|104|104|104||0.00%
2014-06-03|104|104|104|104||0.00%
2014-06-04|104|104|104|104||0.00%
2014-06-05|104|104|104|104||0.00%
2014-06-06|104|104|104|104||0.00%
2014-06-09|104|104|104|104||0.00%
2014-06-10|104|104|104|104||0.00%
2014-06-11|104|104|104|104||0.00%
2014-06-12|104|104|104|104||0.00%
2014-06-13|104|104|104|104||0.00%
2014-06-16|104|104|104|104||0.00%
2014-06-17|104|104|104|104||0.00%
2014-06-18|104|104|104|104||0.00%
2014-06-19|104|104|104|104||0.00%
2014-06-20|104|104|104|104||0.00%
2014-06-23|104|104|104|104||0.00%
2014-06-24|104|104|104|104||0.00%
2014-06-25|104|104|104|104||0.00%
2014-06-26|104|104|104|104||0.00%
2014-06-27|104|104|104|104||0.00%
2014-07-01|105.2|105.2|105.2|105.2||1.15%
2014-07-02|105.2|105.2|105.2|105.2||0.00%
2014-07-03|105.2|105.2|105.2|105.2||0.00%
2014-07-07|105.2|105.2|105.2|105.2||0.00%
2014-07-08|105.2|105.2|105.2|105.2||0.00%
2014-07-09|106.57|106.57|106.57|106.57||1.30%
2014-07-10|106.86|106.86|106.86|106.86||0.27%
2014-07-11|105.79|105.79|105.79|105.79||-1.00%
2014-07-14|106.19|106.19|106.19|106.19||0.38%
2014-07-15|105.89|105.89|105.89|105.89||-0.28%
2014-07-16|105.94|105.94|105.94|105.94||0.05%
2014-07-17|106.36|106.36|106.36|106.36||0.40%
2014-07-18|105.97|105.97|105.97|105.97||-0.37%
2014-07-21|106.22|106.22|106.22|106.22||0.24%
2014-07-22|106.24|106.24|106.24|106.24||0.02%
2014-07-23|106.36|106.36|106.36|106.36||0.11%
2014-07-24|106.16|106.16|106.16|106.16||-0.19%
2014-07-25|106.41|106.41|106.41|106.41||0.24%
2014-07-28|106.18|106.18|106.18|106.18||-0.22%
2014-07-29|106.3|106.3|106.3|106.3||0.11%
2014-07-30|106.2|106.2|106.2|106.2||-0.09%
2014-07-31|106.15|106.15|106.15|106.15||-0.05%
2014-08-01|103.44|103.44|103.44|103.44||-2.55%
2014-08-04|104.25|104.25|104.25|104.25||0.78%
2014-08-05|103.08|103.08|103.08|103.08||-1.12%
2014-08-06|103.06|103.06|103.06|103.06||-0.02%
2014-08-07|103.92|103.92|103.92|103.92||0.83%
2014-08-08|103.61|103.61|103.61|103.61||-0.30%
2014-08-11|103.55|103.55|103.55|103.55||-0.06%
2014-08-12|102.83|102.83|102.83|102.83||-0.70%
2014-08-13|103.58|103.58|103.58|103.58||0.73%
2014-08-14|101.78|101.78|101.78|101.78||-1.74%
2014-08-15|102.44|102.44|102.44|102.44||0.65%
2014-08-18|101.61|101.61|101.61|101.61||-0.81%
2014-08-19|101.59|101.59|101.59|101.59||-0.02%
2014-08-20|101.75|101.75|101.75|101.75||0.16%
2014-08-21|101.78|101.78|101.78|101.78||0.03%
2014-08-22|101.57|101.57|101.57|101.57||-0.21%
2014-08-25|101.66|101.66|101.66|101.66||0.09%
2014-08-26|101.67|101.67|101.67|101.67||0.01%
2014-08-27|101.79|101.79|101.79|101.79||0.12%
2014-08-28|101.76|101.76|101.76|101.76||-0.03%
2014-08-29|101.73|101.73|101.73|101.73||-0.03%
2014-09-02|98.68|98.68|98.68|98.68||-3.00%
2014-09-03|100.93|100.93|100.93|100.93||2.28%
2014-09-04|99.74|99.74|99.74|99.74||-1.18%
2014-09-05|98.81|98.81|98.81|98.81||-0.93%
2014-09-08|98.44|98.44|98.44|98.44||-0.37%
2014-09-09|97.99|97.99|97.99|97.99||-0.46%
2014-09-10|97.22|97.22|97.22|97.22||-0.79%
2014-09-11|97.36|97.36|97.36|97.36||0.14%
2014-09-12|97.01|97.01|97.01|97.01||-0.36%
2014-09-15|97.07|97.07|97.07|97.07||0.06%
2014-09-16|97.34|97.34|97.34|97.34||0.28%
2014-09-17|97.23|97.23|97.23|97.23||-0.11%
2014-09-18|96.69|96.69|96.69|96.69||-0.56%
2014-09-19|96.93|96.93|96.93|96.93||0.25%
2014-09-22|96.5|96.5|96.5|96.5||-0.44%
2014-09-23|96.48|96.48|96.48|96.48||-0.02%
2014-09-24|96.52|96.52|96.52|96.52||0.04%
2014-09-25|96.54|96.54|96.54|96.54||0.02%
2014-09-26|96.5|96.5|96.5|96.5||-0.04%
2014-09-29|96.49|96.49|96.49|96.49||-0.01%
2014-09-30|96.47|96.47|96.47|96.47||-0.02%
2014-10-01|92.98|92.98|92.98|92.98||-3.62%
2014-10-02|92.2|92.2|92.2|92.2||-0.84%
2014-10-03|91.36|91.36|91.36|91.36||-0.91%
2014-10-06|92.51|92.51|92.51|92.51||1.26%
2014-10-07|91.11|91.11|91.11|91.11||-1.51%
2014-10-08|90.42|90.42|90.42|90.42||-0.76%
2014-10-09|89.37|89.37|89.37|89.37||-1.16%
2014-10-10|89.65|89.65|89.65|89.65||0.31%
2014-10-13|89.32|89.32|89.32|89.32||-0.37%
2014-10-14|87.16|87.16|87.16|87.16||-2.42%
2014-10-15|86.09|86.09|86.09|86.09||-1.23%
2014-10-16|87.05|87.05|87.05|87.05||1.12%
2014-10-17|87.13|87.13|87.13|87.13||0.09%
2014-10-20|86.84|86.84|86.84|86.84||-0.33%
2014-10-21|86.84|86.84|86.84|86.84||0.00%
2014-10-22|86.34|86.34|86.34|86.34||-0.58%
2014-10-23|86.69|86.69|86.69|86.69||0.41%
2014-10-24|86.61|86.61|86.61|86.61||-0.09%
2014-10-27|86.53|86.53|86.53|86.53||-0.09%
2014-10-28|86.64|86.64|86.64|86.64||0.13%
2014-10-29|86.75|86.75|86.75|86.75||0.13%
2014-10-30|86.66|86.66|86.66|86.66||-0.10%
2014-10-31|86.63|86.63|86.63|86.63||-0.03%
2014-11-03|82.11|82.11|82.11|82.11||-5.22%
2014-11-04|80.23|80.23|80.23|80.23||-2.29%
2014-11-05|80.13|80.13|80.13|80.13||-0.12%
2014-11-06|79.94|79.94|79.94|79.94||-0.24%
2014-11-07|80.19|80.19|80.19|80.19||0.31%
2014-11-10|79.4|79.4|79.4|79.4||-0.99%
2014-11-11|78.84|78.84|78.84|78.84||-0.71%
2014-11-12|78.23|78.23|78.23|78.23||-0.77%
2014-11-13|76.14|76.14|76.14|76.14||-2.67%
2014-11-14|76.85|76.85|76.85|76.85||0.93%
2014-11-17|76.85|76.85|76.85|76.85||0.00%
2014-11-18|76.48|76.48|76.48|76.48||-0.48%
2014-11-19|76.3|76.3|76.3|76.3||-0.24%
2014-11-20|76.64|76.64|76.64|76.64||0.45%
2014-11-21|77.03|77.03|77.03|77.03||0.51%
2014-11-24|76.95|76.95|76.95|76.95||-0.10%
2014-11-25|76.73|76.73|76.73|76.73||-0.29%
2014-11-26|76.62|76.62|76.62|76.62||-0.14%
2014-11-28|76.33|76.33|76.33|76.33||-0.38%
2014-12-01|70.09|70.09|70.09|70.09||-8.18%
2014-12-02|68.04|68.04|68.04|68.04||-2.92%
2014-12-03|67.07|67.07|67.07|67.07||-1.43%
2014-12-04|66.95|66.95|66.95|66.95||-0.18%
2014-12-05|66.2|66.2|66.2|66.2||-1.12%
2014-12-08|64.24|64.24|64.24|64.24||-2.96%
2014-12-09|64.7|64.7|64.7|64.7||0.72%
2014-12-10|62.91|62.91|62.91|62.91||-2.77%
2014-12-11|62.63|62.63|62.63|62.63||-0.45%
2014-12-12|61.58|61.58|61.58|61.58||-1.68%
2014-12-15|61.14|61.14|61.14|61.14||-0.71%
2014-12-16|60.41|60.41|60.41|60.41||-1.19%
2014-12-17|60.74|60.74|60.74|60.74||0.55%
2014-12-18|60.06|60.06|60.06|60.06||-1.12%
2014-12-19|60.61|60.61|60.61|60.61||0.92%
2014-12-22|60.31|60.31|60.31|60.31||-0.49%
2014-12-23|60.67|60.67|60.67|60.67||0.60%
2014-12-24|60.42|60.42|60.42|60.42||-0.41%
2014-12-26|60.41|60.41|60.41|60.41||-0.02%
2014-12-29|60.24|60.24|60.24|60.24||-0.28%
2014-12-30|60.15|60.15|60.15|60.15||-0.15%
2014-12-31|60.11|60.11|60.11|60.11||-0.07%
2015-01-02|53.7|53.7|53.7|53.7||-10.66%
2015-01-05|49.48|49.48|49.48|49.48||-7.86%
2015-01-06|48.18|48.18|48.18|48.18||-2.63%
2015-01-07|48.23|48.23|48.23|48.23||0.10%
2015-01-08|48.01|48.01|48.01|48.01||-0.46%
2015-01-09|47.71|47.71|47.71|47.71||-0.62%
2015-01-12|45.95|45.95|45.95|45.95||-3.69%
2015-01-13|45.36|45.36|45.36|45.36||-1.28%
2015-01-14|46.5|46.5|46.5|46.5||2.51%
2015-01-15|45.58|45.58|45.58|45.58||-1.98%
2015-01-16|46.12|46.12|46.12|46.12||1.18%
2015-01-20|45.29|45.29|45.29|45.29||-1.80%
2015-01-21|45.54|45.54|45.54|45.54||0.55%
2015-01-22|45.4|45.4|45.4|45.4||-0.31%
2015-01-23|45.52|45.52|45.52|45.52||0.26%
2015-01-26|45.42|45.42|45.42|45.42||-0.22%
2015-01-27|45.64|45.64|45.64|45.64||0.48%
2015-01-28|45.53|45.53|45.53|45.53||-0.24%
2015-01-29|45.57|45.57|45.57|45.57||0.09%
2015-01-30|45.57|45.57|45.57|45.57||0.00%
2015-02-02|52.2|52.2|52.2|52.2||14.55%
2015-02-03|52.89|52.89|52.89|52.89||1.32%
2015-02-04|54.04|54.04|54.04|54.04||2.17%
2015-02-05|53.66|53.66|53.66|53.66||-0.70%
2015-02-06|54.48|54.48|54.48|54.48||1.53%
2015-02-09|54.85|54.85|54.85|54.85||0.68%
2015-02-10|53.8|53.8|53.8|53.8||-1.91%
2015-02-11|53.28|53.28|53.28|53.28||-0.97%
2015-02-12|55.22|55.22|55.22|55.22||3.64%
2015-02-13|55.85|55.85|55.85|55.85||1.14%
2015-02-17|56.19|56.19|56.19|56.19||0.61%
2015-02-18|56.22|56.22|56.22|56.22||0.05%
2015-02-19|56.22|56.22|56.22|56.22||0.00%
2015-02-20|56.22|56.22|56.22|56.22||0.00%
2015-02-23|55.24|55.24|55.24|55.24||-1.74%
2015-02-24|55.09|55.09|55.09|55.09||-0.27%
2015-02-25|55.46|55.46|55.46|55.46||0.67%
2015-02-26|55.33|55.33|55.33|55.33||-0.23%
2015-02-27|55.44|55.44|55.44|55.44||0.20%
2015-03-02|57.03|57.03|57.03|57.03||2.87%
2015-03-03|58.67|58.67|58.67|58.67||2.88%
2015-03-04|58.14|58.14|58.14|58.14||-0.90%
2015-03-05|57.86|57.86|57.86|57.86||-0.48%
2015-03-06|57.41|57.41|57.41|57.41||-0.78%
2015-03-09|56.63|56.63|56.63|56.63||-1.36%
2015-03-10|55.1|55.1|55.1|55.1||-2.70%
2015-03-11|55.91|55.91|55.91|55.91||1.47%
2015-03-12|55.54|55.54|55.54|55.54||-0.66%
2015-03-13|54.36|54.36|54.36|54.36||-2.12%
2015-03-16|53.94|53.94|53.94|53.94||-0.77%
2015-03-17|53.59|53.59|53.59|53.59||-0.65%
2015-03-18|54.57|54.57|54.57|54.57||1.83%
2015-03-19|53.87|53.87|53.87|53.87||-1.28%
2015-03-20|54.32|54.32|54.32|54.32||0.84%
2015-03-23|54.47|54.47|54.47|54.47||0.28%
2015-03-24|54.33|54.33|54.33|54.33||-0.26%
2015-03-25|54.58|54.58|54.58|54.58||0.46%
2015-03-26|55.03|55.03|55.03|55.03||0.82%
2015-03-27|54.69|54.69|54.69|54.69||-0.62%
2015-03-30|54.64|54.64|54.64|54.64||-0.09%
2015-03-31|54.66|54.66|54.66|54.66||0.04%
2015-04-01|55.47|55.47|55.47|55.47|0.01K|1.48%
2015-04-02|54.83|54.83|54.83|54.83|0.01K|-1.15%
2015-04-03|54.83|54.83|54.83|54.83||0.00%
2015-04-06|56.24|56.24|56.24|56.24||2.57%
2015-04-07|57|57|57|57||1.35%
2015-04-08|54.03|54.03|54.03|54.03||-5.21%
2015-04-09|54.92|54.92|54.92|54.92||1.65%
2015-04-10|55.99|55.99|55.99|55.99||1.95%
2015-04-13|56.27|56.27|56.27|56.27||0.50%
2015-04-14|56.92|56.92|56.92|56.92||1.16%
2015-04-15|58.8|58.8|58.8|58.8||3.30%
2015-04-16|58.74|58.74|58.74|58.74||-0.10%
2015-04-17|58.43|58.43|58.43|58.43||-0.53%
2015-04-20|58.42|58.42|58.42|58.42||-0.02%
2015-04-21|57.73|57.73|57.73|57.73||-1.18%
2015-04-22|57.95|57.95|57.95|57.95||0.38%
2015-04-23|58.39|58.39|58.39|58.39||0.76%
2015-04-24|58.44|58.44|58.44|58.44||0.09%
2015-04-27|58.46|58.46|58.46|58.46||0.03%
2015-04-28|58.44|58.44|58.44|58.44||-0.03%
2015-04-29|58.51|58.51|58.51|58.51||0.12%
2015-04-30|58.55|58.55|58.55|58.55||0.07%
2015-05-01|64.24|64.24|64.24|64.24||9.72%
2015-05-04|64.14|64.14|64.14|64.14|0.01K|-0.16%
2015-05-05|65.13|65.13|65.13|65.13||1.54%
2015-05-06|65.64|65.64|65.64|65.64||0.78%
2015-05-07|63.9|63.9|63.9|63.9||-2.65%
2015-05-08|63.97|63.97|63.97|63.97||0.11%
2015-05-11|63.72|63.72|63.72|63.72||-0.39%
2015-05-12|64.95|64.95|64.95|64.95||1.93%
2015-05-13|64.91|64.91|64.91|64.91||-0.06%
2015-05-14|64.65|64.65|64.65|64.65||-0.40%
2015-05-15|64.58|64.58|64.58|64.58||-0.11%
2015-05-18|64.3|64.3|64.3|64.3||-0.43%
2015-05-19|63.09|63.09|63.09|63.09||-1.88%
2015-05-20|63.65|63.65|63.65|63.65||0.89%
2015-05-21|64.08|64.08|64.08|64.08||0.68%
2015-05-22|63.69|63.69|63.69|63.69||-0.61%
2015-05-26|63.5|63.5|63.5|63.5||-0.30%
2015-05-27|63.38|63.38|63.38|63.38||-0.19%
2015-05-28|63.5|63.5|63.5|63.5||0.19%
2015-05-29|63.56|63.56|63.56|63.56||0.09%
2015-06-01|63.07|63.07|63.07|63.07||-0.77%
2015-06-02|63.73|63.73|63.73|63.73||1.05%
2015-06-03|62.23|62.23|62.23|62.23||-2.35%
2015-06-04|60.59|60.59|60.59|60.59||-2.64%
2015-06-05|61.65|61.65|61.65|61.65||1.75%
2015-06-08|61.01|61.01|61.01|61.01||-1.04%
2015-06-09|62.46|62.46|62.46|62.46||2.38%
2015-06-10|63.16|63.16|63.16|63.16||1.12%
2015-06-11|63.06|63.06|63.06|63.06||-0.16%
2015-06-12|62.43|62.43|62.43|62.43||-1.00%
2015-06-15|62.02|62.02|62.02|62.02||-0.66%
2015-06-16|61.72|61.72|61.72|61.72||-0.48%
2015-06-17|61.93|61.93|61.93|61.93||0.34%
2015-06-18|62.09|62.09|62.09|62.09||0.26%
2015-06-19|61.55|61.55|61.55|61.55||-0.87%
2015-06-22|61.7|61.7|61.7|61.7||0.24%
2015-06-23|62.01|62.01|62.01|62.01||0.50%
2015-06-24|61.89|61.89|61.89|61.89||-0.19%
2015-06-25|61.88|61.88|61.88|61.88||-0.02%
2015-06-26|61.91|61.91|61.91|61.91||0.05%
2015-06-29|61.76|61.76|61.76|61.76||-0.24%
2015-06-30|61.79|61.79|61.79|61.79||0.05%
2015-07-01|61.24|61.24|61.24|61.24||-0.89%
2015-07-02|61.15|61.15|61.15|61.15||-0.15%
2015-07-06|56.35|56.35|56.35|56.35||-7.85%
2015-07-07|56.82|56.82|56.82|56.82||0.83%
2015-07-08|57.23|57.23|57.23|57.23||0.72%
2015-07-09|58.26|58.26|58.26|58.26||1.80%
2015-07-10|58.4|58.4|58.4|58.4||0.24%
2015-07-13|57.9|57.9|57.9|57.9||-0.86%
2015-07-14|58.01|58.01|58.01|58.01||0.19%
2015-07-15|56.97|56.97|56.97|56.97||-1.79%
2015-07-16|56.84|56.84|56.84|56.84||-0.23%
2015-07-17|56.96|56.96|56.96|56.96||0.21%
2015-07-20|56.7|56.7|56.7|56.7||-0.46%
2015-07-21|56.84|56.84|56.84|56.84||0.25%
2015-07-22|56.59|56.59|56.59|56.59||-0.44%
2015-07-23|56.37|56.37|56.37|56.37||-0.39%
2015-07-24|56.26|56.26|56.26|56.26||-0.20%
2015-07-27|56.08|56.08|56.08|56.08||-0.32%
2015-07-28|56.11|56.11|56.11|56.11||0.05%
2015-07-29|56.12|56.12|56.12|56.12||0.02%
2015-07-30|56.17|56.17|56.17|56.17||0.09%
2015-08-03|49.52|49.52|49.52|49.52||-11.84%
2015-08-04|50.09|50.09|50.09|50.09||1.15%
2015-08-05|49.95|49.95|49.95|49.95||-0.28%
2015-08-06|49.93|49.93|49.93|49.93||-0.04%
2015-08-07|49.76|49.76|49.76|49.76||-0.34%
2015-08-10|50.65|50.65|50.65|50.65||1.79%
2015-08-11|49.57|49.57|49.57|49.57||-2.13%
2015-08-12|50.26|50.26|50.26|50.26||1.39%
2015-08-13|49.84|49.84|49.84|49.84||-0.84%
2015-08-14|49.6|49.6|49.6|49.6||-0.48%
2015-08-17|49.3|49.3|49.3|49.3||-0.60%
2015-08-18|49.12|49.12|49.12|49.12||-0.37%
2015-08-19|48.38|48.38|48.38|48.38||-1.51%
2015-08-20|48.21|48.21|48.21|48.21||-0.35%
2015-08-21|47.69|47.69|47.69|47.69||-1.08%
2015-08-24|46.86|46.86|46.86|46.86||-1.74%
2015-08-25|47.05|47.05|47.05|47.05||0.41%
2015-08-26|47.08|47.08|47.08|47.08||0.06%
2015-08-27|47.62|47.62|47.62|47.62||1.15%
2015-08-28|47.75|47.75|47.75|47.75||0.27%
2015-08-31|52.71|52.71|52.71|52.71||10.39%
2015-09-01|47.59|47.59|47.59|47.59||-9.71%
2015-09-02|48.26|48.26|48.26|48.26||1.41%
2015-09-03|48.55|48.55|48.55|48.55||0.60%
2015-09-04|47.58|47.58|47.58|47.58||-2.00%
2015-09-08|47.34|47.34|47.34|47.34||-0.50%
2015-09-09|46.07|46.07|46.07|46.07||-2.68%
2015-09-10|47.02|47.02|47.02|47.02||2.06%
2015-09-11|46.52|46.52|46.52|46.52||-1.06%
2015-09-14|45.56|45.56|45.56|45.56||-2.06%
2015-09-15|45.46|45.46|45.46|45.46||-0.22%
2015-09-16|45.89|45.89|45.89|45.89||0.95%
2015-09-17|45.68|45.68|45.68|45.68||-0.46%
2015-09-18|45.14|45.14|45.14|45.14||-1.18%
2015-09-21|45.69|45.69|45.69|45.69||1.22%
2015-09-22|45.7|45.7|45.7|45.7||0.02%
2015-09-23|45.38|45.38|45.38|45.38||-0.70%
2015-09-24|45.47|45.47|45.47|45.47||0.20%
2015-09-25|45.48|45.48|45.48|45.48||0.02%
2015-09-28|45.34|45.34|45.34|45.34||-0.31%
2015-09-29|45.39|45.39|45.39|45.39||0.11%
2015-09-30|45.38|45.38|45.38|45.38||-0.02%
2015-10-01|45.75|45.75|45.75|45.75||0.82%
2015-10-02|45.34|45.34|45.34|45.34||-0.90%
2015-10-05|46.44|46.44|46.44|46.44||2.43%
2015-10-06|48.69|48.69|48.69|48.69||4.84%
2015-10-07|48.06|48.06|48.06|48.06||-1.29%
2015-10-08|49.22|49.22|49.22|49.22||2.41%
2015-10-09|48.77|48.77|48.77|48.77||-0.91%
2015-10-12|47.15|47.15|47.15|47.15||-3.32%
2015-10-13|46.86|46.86|46.86|46.86||-0.62%
2015-10-14|46.83|46.83|46.83|46.83||-0.06%
2015-10-15|46.92|46.92|46.92|46.92||0.19%
2015-10-16|47.14|47.14|47.14|47.14||0.47%
2015-10-19|46.23|46.23|46.23|46.23||-1.93%
2015-10-20|46.07|46.07|46.07|46.07||-0.35%
2015-10-21|45.92|45.92|45.92|45.92||-0.33%
2015-10-22|45.93|45.93|45.93|45.93||0.02%
2015-10-23|45.9|45.9|45.9|45.9||-0.07%
2015-10-26|45.79|45.79|45.79|45.79||-0.24%
2015-10-27|45.7|45.7|45.7|45.7||-0.20%
2015-10-28|45.96|45.96|45.96|45.96||0.57%
2015-10-29|45.92|45.92|45.92|45.92||-0.09%
2015-10-30|45.84|45.84|45.84|45.84||-0.17%
2015-11-02|45.5|45.5|45.5|45.5||-0.74%
2015-11-03|47.02|47.02|47.02|47.02||3.34%
2015-11-04|45.28|45.28|45.28|45.28||-3.70%
2015-11-05|44.7|44.7|44.7|44.7||-1.28%
2015-11-06|44.4|44.4|44.4|44.4||-0.67%
2015-11-09|44.16|44.16|44.16|44.16||-0.54%
2015-11-10|44.33|44.33|44.33|44.33||0.38%
2015-11-11|43.32|43.32|43.32|43.32||-2.28%
2015-11-12|42.55|42.55|42.55|42.55||-1.78%
2015-11-13|42.11|42.11|42.11|42.11||-1.03%
2015-11-16|41.72|41.72|41.72|41.72||-0.93%
2015-11-17|41.3|41.3|41.3|41.3||-1.01%
2015-11-18|41.55|41.55|41.55|41.55||0.61%
2015-11-19|41.65|41.65|41.65|41.65||0.24%
2015-11-20|41.78|41.78|41.78|41.78||0.31%
2015-11-23|41.71|41.71|41.71|41.71||-0.17%
2015-11-24|41.94|41.94|41.94|41.94||0.55%
2015-11-25|41.93|41.93|41.93|41.93||-0.02%
2015-11-27|41.7|41.7|41.7|41.7||-0.55%
2015-11-30|41.69|41.69|41.69|41.69||-0.02%
2015-12-01|40.47|40.47|40.47|40.47||-2.93%
2015-12-02|38.58|38.58|38.58|38.58||-4.67%
2015-12-03|39.83|39.83|39.83|39.83||3.24%
2015-12-04|38.93|38.93|38.93|38.93||-2.26%
2015-12-07|36.68|36.68|36.68|36.68||-5.78%
2015-12-08|36.31|36.31|36.31|36.31||-1.01%
2015-12-09|36.21|36.21|36.21|36.21||-0.28%
2015-12-10|36.22|36.22|36.22|36.22||0.03%
2015-12-11|35.43|35.43|35.43|35.43||-2.18%
2015-12-14|35.33|35.33|35.33|35.33||-0.28%
2015-12-15|35.33|35.33|35.33|35.33||0.00%
2015-12-16|34.83|34.83|34.83|34.83||-1.42%
2015-12-17|34.65|34.65|34.65|34.65||-0.52%
2015-12-18|34.59|34.59|34.59|34.59||-0.17%
2015-12-21|34.32|34.32|34.32|34.32||-0.78%
2015-12-22|34.38|34.38|34.38|34.38||0.17%
2015-12-23|34.61|34.61|34.61|34.61||0.67%
2015-12-24|34.73|34.73|34.73|34.73||0.35%
2015-12-28|34.58|34.58|34.58|34.58||-0.43%
2015-12-29|34.66|34.66|34.66|34.66||0.23%
2015-12-30|34.57|34.57|34.57|34.57||-0.26%
2015-12-31|34.59|34.59|34.59|34.59||0.06%
2016-01-04|32.1|32.1|32.1|32.1||-7.20%
2016-01-05|30.85|30.85|30.85|30.85||-3.89%
2016-01-06|28.99|28.99|28.99|28.99||-6.03%
2016-01-07|29|29|29|29||0.03%
2016-01-08|29.16|29.16|29.16|29.16||0.55%
2016-01-11|27.86|27.86|27.86|27.86||-4.46%
2016-01-12|27.33|27.33|27.33|27.33||-1.90%
2016-01-13|27.02|27.02|27.02|27.02||-1.13%
2016-01-14|27.25|27.25|27.25|27.25||0.85%
2016-01-15|26.35|26.35|26.35|26.35||-3.30%
2016-01-19|26.08|26.08|26.08|26.08||-1.02%
2016-01-20|25.57|25.57|25.57|25.57||-1.96%
2016-01-21|26.02|26.02|26.02|26.02||1.76%
2016-01-22|26.72|26.72|26.72|26.72||2.69%
2016-01-25|26.38|26.38|26.38|26.38||-1.27%
2016-01-26|26.6|26.6|26.6|26.6||0.83%
2016-01-27|26.71|26.71|26.71|26.71||0.41%
2016-01-28|26.79|26.79|26.79|26.79||0.30%
2016-01-29|26.81|26.81|26.81|26.81||0.07%
2016-02-01|29.95|29.95|29.95|29.95||11.71%
2016-02-02|28.48|28.48|28.48|28.48||-4.91%
2016-02-03|30.93|30.93|30.93|30.93||8.60%
2016-02-04|30.4|30.4|30.4|30.4||-1.71%
2016-02-05|30.07|30.07|30.07|30.07||-1.09%
2016-02-08|30.07|30.07|30.07|30.07||0.00%
2016-02-09|30.07|30.07|30.07|30.07||0.00%
2016-02-10|27.47|27.47|27.47|27.47||-8.65%
2016-02-11|26.91|26.91|26.91|26.91||-2.04%
2016-02-12|28.94|28.94|28.94|28.94||7.54%
2016-02-16|28.51|28.51|28.51|28.51||-1.49%
2016-02-17|29.57|29.57|29.57|29.57||3.72%
2016-02-18|29.55|29.55|29.55|29.55||-0.07%
2016-02-19|29.18|29.18|29.18|29.18||-1.25%
2016-02-22|29.56|29.56|29.56|29.56||1.30%
2016-02-23|29.3|29.3|29.3|29.3||-0.88%
2016-02-24|29.35|29.35|29.35|29.35||0.17%
2016-02-25|29.26|29.26|29.26|29.26||-0.31%
2016-02-26|29.36|29.36|29.36|29.36||0.34%
2016-02-29|29.3|29.3|29.3|29.3||-0.20%
2016-03-01|32.17|32.17|32.17|32.17||9.80%
2016-03-02|32.1|32.1|32.1|32.1||-0.22%
2016-03-03|32.3|32.3|32.3|32.3||0.62%
2016-03-04|33.65|33.65|33.65|33.65||4.18%
2016-03-07|35.37|35.37|35.37|35.37||5.11%
2016-03-08|34.37|34.37|34.37|34.37||-2.83%
2016-03-09|35.26|35.26|35.26|35.26||2.59%
2016-03-10|34.6|34.6|34.6|34.6||-1.87%
2016-03-11|34.99|34.99|34.99|34.99||1.13%
2016-03-14|34.51|34.51|34.51|34.51||-1.37%
2016-03-15|34.17|34.17|34.17|34.17||-0.99%
2016-03-16|35.03|35.03|35.03|35.03||2.52%
2016-03-17|35.61|35.61|35.61|35.61||1.66%
2016-03-18|35.56|35.56|35.56|35.56||-0.14%
2016-03-21|35.68|35.68|35.68|35.68||0.34%
2016-03-22|35.77|35.77|35.77|35.77||0.25%
2016-03-23|35.31|35.31|35.31|35.31||-1.29%
2016-03-24|35.23|35.23|35.23|35.23||-0.23%
2016-03-28|35.22|35.22|35.22|35.22||-0.03%
2016-03-29|35.11|35.11|35.11|35.11||-0.31%
2016-03-30|35.18|35.18|35.18|35.18||0.20%
2016-03-31|35.14|35.14|35.14|35.14||-0.11%
2016-04-01|34.74|34.74|34.74|34.74||-1.14%
2016-04-04|34.05|34.05|34.05|34.05||-1.99%
2016-04-05|34.15|34.15|34.15|34.15||0.29%
2016-04-06|35.73|35.73|35.73|35.73||4.63%
2016-04-07|35.39|35.39|35.39|35.39||-0.95%
2016-04-08|37.14|37.14|37.14|37.14||4.94%
2016-04-11|37.73|37.73|37.73|37.73||1.59%
2016-04-12|39.03|39.03|39.03|39.03||3.45%
2016-04-13|38.64|38.64|38.64|38.64||-1.00%
2016-04-14|38.49|38.49|38.49|38.49||-0.39%
2016-04-15|38.04|38.04|38.04|38.04||-1.17%
2016-04-18|37.94|37.94|37.94|37.94||-0.26%
2016-04-19|38.32|38.32|38.32|38.32||1.00%
2016-04-20|38.93|38.93|38.93|38.93||1.59%
2016-04-21|38.57|38.57|38.57|38.57||-0.92%
2016-04-22|38.76|38.76|38.76|38.76||0.49%
2016-04-25|38.63|38.63|38.63|38.63||-0.34%
2016-04-26|38.8|38.8|38.8|38.8||0.44%
2016-04-27|38.97|38.97|38.97|38.97||0.44%
2016-04-28|39|39|39|39||0.08%
2016-04-29|39.03|39.03|39.03|39.03||0.08%
2016-05-02|42.45|42.45|42.45|42.45||8.76%
2016-05-03|41.88|41.88|41.88|41.88||-1.34%
2016-05-04|41.8|41.8|41.8|41.8||-0.19%
2016-05-05|41.92|41.92|41.92|41.92||0.29%
2016-05-06|42.28|42.28|42.28|42.28||0.86%
2016-05-09|40.97|40.97|40.97|40.97||-3.10%
2016-05-10|42.35|42.35|42.35|42.35||3.37%
2016-05-11|43.67|43.67|43.67|43.67||3.12%
2016-05-12|43.98|43.98|43.98|43.98||0.71%
2016-05-13|43.7|43.7|43.7|43.7||-0.64%
2016-05-16|44.27|44.27|44.27|44.27||1.30%
2016-05-17|44.48|44.48|44.48|44.48||0.47%
2016-05-18|44.32|44.32|44.32|44.32||-0.36%
2016-05-19|44.33|44.33|44.33|44.33||0.02%
2016-05-20|44.28|44.28|44.28|44.28||-0.11%
2016-05-23|44.16|44.16|44.16|44.16||-0.27%
2016-05-24|44.21|44.21|44.21|44.21||0.11%
2016-05-25|44.39|44.39|44.39|44.39||0.41%
2016-05-26|44.34|44.34|44.34|44.34||-0.11%
2016-05-27|44.31|44.31|44.31|44.31||-0.07%
2016-05-31|44.27|44.27|44.27|44.27||-0.09%
2016-06-01|45.96|45.96|45.96|45.96||3.82%
2016-06-02|46.36|46.36|46.36|46.36||0.87%
2016-06-03|46.03|46.03|46.03|46.03||-0.71%
2016-06-06|46.54|46.54|46.54|46.54||1.11%
2016-06-07|47.29|47.29|47.29|47.29||1.61%
2016-06-08|48.2|48.2|48.2|48.2||1.92%
2016-06-09|47.9|47.9|47.9|47.9||-0.62%
2016-06-10|46.96|46.96|46.96|46.96||-1.96%
2016-06-13|46.93|46.93|46.93|46.93||-0.06%
2016-06-14|46.64|46.64|46.64|46.64||-0.62%
2016-06-15|46.2|46.2|46.2|46.2||-0.94%
2016-06-16|45.37|45.37|45.37|45.37||-1.80%
2016-06-17|46.14|46.14|46.14|46.14|0.40K|1.70%
2016-06-20|46.69|46.69|46.69|46.69||1.19%
2016-06-21|46.61|46.61|46.61|46.61||-0.17%
2016-06-22|46.38|46.38|46.38|46.38||-0.49%
2016-06-23|46.63|46.63|46.63|46.63||0.54%
2016-06-24|46.16|46.16|46.16|46.16||-1.01%
2016-06-27|46.03|46.03|46.03|46.03||-0.28%
2016-06-28|46.19|46.19|46.19|46.19||0.35%
2016-06-29|46.31|46.31|46.31|46.31||0.26%
2016-06-30|46.26|46.26|46.26|46.26||-0.11%
2016-07-01|45.77|45.77|45.77|45.77||-1.06%
2016-07-05|44.02|44.02|44.02|44.02||-3.82%
2016-07-06|44.73|44.73|44.73|44.73||1.61%
2016-07-07|42.73|42.73|42.73|42.73||-4.47%
2016-07-08|43.14|43.14|43.14|43.14||0.96%
2016-07-11|42.84|42.84|42.84|42.84||-0.70%
2016-07-12|44.29|44.29|44.29|44.29||3.38%
2016-07-13|42.82|42.82|42.82|42.82||-3.32%
2016-07-14|43.52|43.52|43.52|43.52||1.63%
2016-07-15|43.67|43.67|43.67|43.67||0.34%
2016-07-18|43.18|43.18|43.18|43.18||-1.12%
2016-07-19|43.06|43.06|43.06|43.06||-0.28%
2016-07-20|43.27|43.27|43.27|43.27||0.49%
2016-07-21|43.18|43.18|43.18|43.18||-0.21%
2016-07-22|42.77|42.77|42.77|42.77||-0.95%
2016-07-25|42.59|42.59|42.59|42.59||-0.42%
2016-07-26|42.56|42.56|42.56|42.56||-0.07%
2016-07-27|42.51|42.51|42.51|42.51||-0.12%
2016-07-28|42.51|42.51|42.51|42.51||0.00%
2016-08-01|38.92|38.92|38.92|38.92||-8.45%
2016-08-02|38.68|38.68|38.68|38.68||-0.62%
2016-08-03|39.76|39.76|39.76|39.76||2.79%
2016-08-04|40.86|40.86|40.86|40.86||2.77%
2016-08-05|40.72|40.72|40.72|40.72||-0.34%
2016-08-08|41.62|41.62|41.62|41.62||2.21%
2016-08-09|41.17|41.17|41.17|41.17||-1.08%
2016-08-10|40.7|40.7|40.7|40.7||-1.14%
2016-08-11|41.97|41.97|41.97|41.97||3.12%
2016-08-12|42.52|42.52|42.52|42.52||1.31%
2016-08-15|43.27|43.27|43.27|43.27||1.76%
2016-08-16|43.84|43.84|43.84|43.84||1.32%
2016-08-17|44.16|44.16|44.16|44.16||0.73%
2016-08-18|44.5|44.5|44.5|44.5||0.77%
2016-08-19|44.45|44.45|44.45|44.45||-0.11%
2016-08-22|43.81|43.81|43.81|43.81||-1.44%
2016-08-23|43.96|43.96|43.96|43.96||0.34%
2016-08-24|43.7|43.7|43.7|43.7||-0.59%
2016-08-25|43.82|43.82|43.82|43.82||0.27%
2016-08-26|43.84|43.84|43.84|43.84||0.05%
2016-08-29|43.74|43.74|43.74|43.74||-0.23%
2016-08-30|43.72|43.72|43.72|43.72||-0.05%
2016-08-31|43.7|43.7|43.7|43.7||-0.05%
2016-09-01|41.89|41.89|41.89|41.89||-4.14%
2016-09-02|43.17|43.17|43.17|43.17||3.06%
2016-09-06|43.53|43.53|43.53|43.53||0.83%
2016-09-07|44.12|44.12|44.12|44.12||1.36%
2016-09-08|45.43|45.43|45.43|45.43||2.97%
2016-09-09|44.11|44.11|44.11|44.11||-2.91%
2016-09-12|44.89|44.89|44.89|44.89||1.77%
2016-09-13|43.57|43.57|43.57|43.57||-2.94%
2016-09-14|42.86|42.86|42.86|42.86||-1.63%
2016-09-15|43.29|43.29|43.29|43.29||1.00%
2016-09-16|42.93|42.93|42.93|42.93||-0.83%
2016-09-19|43.01|43.01|43.01|43.01||0.19%
2016-09-20|42.98|42.98|42.98|42.98|0.20K|-0.07%
2016-09-21|43.33|43.33|43.33|43.33||0.81%
2016-09-22|43.59|43.59|43.59|43.59||0.60%
2016-09-23|43.14|43.14|43.14|43.14||-1.03%
2016-09-26|43.4|43.4|43.4|43.4||0.60%
2016-09-27|43.14|43.14|43.14|43.14||-0.60%
2016-09-28|43.39|43.39|43.39|43.39||0.58%
2016-09-29|43.4|43.4|43.4|43.4||0.02%
2016-10-03|48.01|48.01|48.01|48.01||10.62%
2016-10-04|48.15|48.15|48.15|48.15||0.29%
2016-10-05|48.95|48.95|48.95|48.95||1.66%
2016-10-06|49.42|49.42|49.42|49.42||0.96%
2016-10-07|49.07|49.07|49.07|49.07||-0.71%
2016-10-10|49.93|49.93|49.93|49.93||1.75%
2016-10-11|49.49|49.49|49.49|49.49||-0.88%
2016-10-12|49.1|49.1|49.1|49.1||-0.79%
2016-10-13|49.28|49.28|49.28|49.28||0.37%
2016-10-14|49.37|49.37|49.37|49.37||0.18%
2016-10-17|49.08|49.08|49.08|49.08||-0.59%
2016-10-18|49.06|49.06|49.06|49.06||-0.04%
2016-10-19|49.51|49.51|49.51|49.51||0.92%
2016-10-20|49.08|49.08|49.08|49.08|0.20K|-0.87%
2016-10-21|49.25|49.25|49.25|49.25||0.35%
2016-10-24|49.19|49.19|49.19|49.19||-0.12%
2016-10-25|49.05|49.05|49.05|49.05||-0.28%
2016-10-26|48.96|48.96|48.96|48.96||-0.18%
2016-10-27|49.06|49.06|49.06|49.06||0.20%
2016-10-28|49.03|49.03|49.03|49.03||-0.06%
2016-10-31|44.92|44.92|44.92|44.92||-8.38%
2016-11-01|44.68|44.68|44.68|44.68||-0.53%
2016-11-02|43.62|43.62|43.62|43.62||-2.37%
2016-11-03|43.13|43.13|43.13|43.13||-1.12%
2016-11-04|42.55|42.55|42.55|42.55||-1.34%
2016-11-07|43.04|43.04|43.04|43.04||1.15%
2016-11-08|42.97|42.97|42.97|42.97||-0.16%
2016-11-09|43.38|43.38|43.38|43.38||0.95%
2016-11-10|43.04|43.04|43.04|43.04||-0.78%
2016-11-11|42.45|42.45|42.45|42.45||-1.37%
2016-11-14|42.33|42.33|42.33|42.33||-0.28%
2016-11-15|43.55|43.55|43.55|43.55||2.88%
2016-11-16|43.37|43.37|43.37|43.37||-0.41%
2016-11-17|43.3|43.3|43.3|43.3||-0.16%
2016-11-18|43.48|43.48|43.48|43.48||0.42%
2016-11-21|44.15|44.15|44.15|44.15||1.54%
2016-11-22|44.19|44.19|44.19|44.19||0.09%
2016-11-23|44.15|44.15|44.15|44.15||-0.09%
2016-11-25|43.95|43.95|43.95|43.95||-0.45%
2016-11-28|44.02|44.02|44.02|44.02||0.16%
2016-11-29|43.88|43.88|43.88|43.88||-0.32%
2016-11-30|43.87|43.87|43.87|43.87||-0.02%
2016-12-01|50.86|50.86|50.86|50.86||15.93%
2016-12-02|51.03|51.03|51.03|51.03||0.33%
2016-12-05|51.51|51.51|51.51|51.51||0.94%
2016-12-06|51.03|51.03|51.03|51.03||-0.93%
2016-12-07|50.35|50.35|50.35|50.35||-1.33%
2016-12-08|50.99|50.99|50.99|50.99||1.27%
2016-12-09|51.31|51.31|51.31|51.31||0.63%
2016-12-12|52.26|52.26|52.26|52.26||1.85%
2016-12-13|52.37|52.37|52.37|52.37||0.21%
2016-12-14|51.41|51.41|51.41|51.41||-1.83%
2016-12-15|51.52|51.52|51.52|51.52||0.21%
2016-12-16|52.01|52.01|52.01|52.01||0.95%
2016-12-19|51.81|51.81|51.81|51.81||-0.38%
2016-12-20|51.95|51.95|51.95|51.95||0.27%
2016-12-21|51.7|51.7|51.7|51.7||-0.48%
2016-12-22|51.94|51.94|51.94|51.94||0.46%
2016-12-23|51.96|51.96|51.96|51.96||0.04%
2016-12-27|52.09|52.09|52.09|52.09||0.25%
2016-12-28|52.14|52.14|52.14|52.14||0.10%
2016-12-29|52.12|52.12|52.12|52.12||-0.04%
2016-12-30|52.1|52.1|52.1|52.1||-0.04%
2017-01-03|53.16|53.16|53.16|53.16||2.03%
2017-01-04|54.33|54.33|54.33|54.33||2.20%
2017-01-05|54.76|54.76|54.76|54.76||0.79%
2017-01-06|54.82|54.82|54.82|54.82||0.11%
2017-01-09|53.19|53.19|53.19|53.19||-2.97%
2017-01-10|52.32|52.32|52.32|52.32||-1.64%
2017-01-11|53.38|53.38|53.38|53.38||2.03%
2017-01-12|53.9|53.9|53.9|53.9||0.97%
2017-01-13|53.72|53.72|53.72|53.72||-0.33%
2017-01-17|53.69|53.69|53.69|53.69||-0.06%
2017-01-18|53.11|53.11|53.11|53.11||-1.08%
2017-01-19|53.31|53.31|53.31|53.31||0.38%
2017-01-20|53.74|53.74|53.74|53.74||0.81%
2017-01-23|53.64|53.64|53.64|53.64|0.20K|-0.19%
2017-01-24|53.7|53.7|53.7|53.7||0.11%
2017-01-25|53.67|53.67|53.67|53.67||-0.06%
2017-01-26|53.8|53.8|53.8|53.8||0.24%
2017-01-27|53.76|53.76|53.76|53.76|0.20K|-0.07%
2017-01-30|53.74|53.74|53.74|53.74||-0.04%
2017-01-31|53.72|53.72|53.72|53.72||-0.04%
2017-02-01|54.44|54.44|54.44|54.44||1.34%
2017-02-02|54.66|54.66|54.66|54.66||0.40%
2017-02-03|55.09|55.09|55.09|55.09||0.79%
2017-02-06|54.25|54.25|54.25|54.25||-1.52%
2017-02-07|53.9|53.9|53.9|53.9||-0.65%
2017-02-08|53.73|53.73|53.73|53.73||-0.32%
2017-02-09|54.11|54.11|54.11|54.11||0.71%
2017-02-10|54.59|54.59|54.59|54.59|0.10K|0.89%
2017-02-13|54.03|54.03|54.03|54.03||-1.03%
2017-02-14|54.27|54.27|54.27|54.27||0.44%
2017-02-15|54.14|54.14|54.14|54.14||-0.24%
2017-02-16|54.12|54.12|54.12|54.12||-0.04%
2017-02-17|54.22|54.22|54.22|54.22||0.18%
2017-02-21|54.42|54.42|54.42|54.42||0.37%
2017-02-22|54.27|54.27|54.27|54.27||-0.28%
2017-02-23|54.41|54.41|54.41|54.41||0.26%
2017-02-24|54.38|54.38|54.38|54.38||-0.06%
2017-02-27|54.43|54.43|54.43|54.43||0.09%
2017-02-28|54.44|54.44|54.44|54.44||0.02%
2017-03-01|54.95|54.95|54.95|54.95||0.94%
2017-03-02|53.86|53.86|53.86|53.86||-1.98%
2017-03-03|54.35|54.35|54.35|54.35||0.91%
2017-03-06|54.32|54.32|54.32|54.32||-0.06%
2017-03-07|54.31|54.31|54.31|54.31||-0.02%
2017-03-08|52.25|52.25|52.25|52.25||-3.79%
2017-03-09|51.81|51.81|51.81|51.81||-0.84%
2017-03-10|51.37|51.37|51.37|51.37||-0.85%
2017-03-13|51.35|51.35|51.35|51.35||-0.04%
2017-03-14|50.96|50.96|50.96|50.96||-0.76%
2017-03-15|51.38|51.38|51.38|51.38||0.82%
2017-03-16|51.4|51.4|51.4|51.4||0.04%
2017-03-17|51.38|51.38|51.38|51.38||-0.04%
2017-03-20|51.32|51.32|51.32|51.32||-0.12%
2017-03-21|51.09|51.09|51.09|51.09||-0.45%
2017-03-22|51.04|51.04|51.04|51.04||-0.10%
2017-03-23|50.96|50.96|50.96|50.96||-0.16%
2017-03-24|51.02|51.02|51.02|51.02||0.12%
2017-03-27|51.01|51.01|51.01|51.01||-0.02%
2017-03-28|51.08|51.08|51.08|51.08||0.14%
2017-03-29|51.2|51.2|51.2|51.2||0.23%
2017-03-30|51.23|51.23|51.23|51.23||0.06%
2017-03-31|51.2|51.2|51.2|51.2||-0.06%
2017-04-03|51.35|51.35|51.35|51.35||0.29%
2017-04-04|52.19|52.19|52.19|52.19||1.64%
2017-04-05|52.5|52.5|52.5|52.5||0.59%
2017-04-06|52.92|52.92|52.92|52.92||0.80%
2017-04-07|53.25|53.25|53.25|53.25||0.62%
2017-04-10|53.83|53.83|53.83|53.83||1.09%
2017-04-11|54.08|54.08|54.08|54.08||0.46%
2017-04-12|53.71|53.71|53.71|53.71||-0.68%
2017-04-13|53.73|53.73|53.73|53.73||0.04%
2017-04-17|53.43|53.43|53.43|53.43|0.10K|-0.56%
2017-04-18|53.19|53.19|53.19|53.19||-0.45%
2017-04-19|52.49|52.49|52.49|52.49||-1.32%
2017-04-20|52.57|52.57|52.57|52.57||0.15%
2017-04-21|52.32|52.32|52.32|52.32||-0.48%
2017-04-24|52.31|52.31|52.31|52.31||-0.02%
2017-04-25|52.37|52.37|52.37|52.37||0.11%
2017-04-26|52.35|52.35|52.35|52.35||-0.04%
2017-04-27|52.31|52.31|52.31|52.31||-0.08%
2017-04-28|52.29|52.29|52.29|52.29||-0.04%
2017-05-01|50.69|50.69|50.69|50.69||-3.06%
2017-05-02|49.3|49.3|49.3|49.3||-2.74%
2017-05-03|49.74|49.74|49.74|49.74||0.89%
2017-05-04|47.67|47.67|47.67|47.67||-4.16%
2017-05-05|48.34|48.34|48.34|48.34||1.41%
2017-05-08|48.54|48.54|48.54|48.54||0.41%
2017-05-09|48.1|48.1|48.1|48.1||-0.91%
2017-05-10|49.16|49.16|49.16|49.16||2.20%
2017-05-11|49.48|49.48|49.48|49.48|0.20K|0.65%
2017-05-12|49.5|49.5|49.5|49.5||0.04%
2017-05-15|50.04|50.04|50.04|50.04||1.09%
2017-05-16|50.04|50.04|50.04|50.04||0.00%
2017-05-17|50.35|50.35|50.35|50.35||0.62%
2017-05-18|50.47|50.47|50.47|50.47||0.24%
2017-05-19|50.87|50.87|50.87|50.87||0.79%
2017-05-22|50.93|50.93|50.93|50.93||0.12%
2017-05-23|51.05|51.05|51.05|51.05||0.24%
2017-05-24|50.98|50.98|50.98|50.98||-0.14%
2017-05-25|50.5|50.5|50.5|50.5||-0.94%
2017-05-26|50.59|50.59|50.59|50.59||0.18%
2017-05-30|50.58|50.58|50.58|50.58||-0.02%
2017-05-31|50.54|50.54|50.54|50.54||-0.08%
2017-06-01|49.47|49.47|49.47|49.47||-2.12%
2017-06-02|48.76|48.76|48.76|48.76||-1.44%
2017-06-05|48.25|48.25|48.25|48.25||-1.05%
2017-06-06|48.76|48.76|48.76|48.76||1.06%
2017-06-07|47.18|47.18|47.18|47.18||-3.24%
2017-06-08|47.12|47.12|47.12|47.12||-0.13%
2017-06-09|47.38|47.38|47.38|47.38||0.55%
2017-06-12|47.48|47.48|47.48|47.48||0.21%
2017-06-13|47.68|47.68|47.68|47.68||0.42%
2017-06-14|46.69|46.69|46.69|46.69||-2.08%
2017-06-15|46.59|46.59|46.59|46.59||-0.21%
2017-06-16|46.73|46.73|46.73|46.73||0.30%
2017-06-19|46.55|46.55|46.55|46.55||-0.39%
2017-06-20|46.31|46.31|46.31|46.31||-0.52%
2017-06-21|45.99|45.99|45.99|45.99||-0.69%
2017-06-22|46.1|46.1|46.1|46.1||0.24%
2017-06-23|46.19|46.19|46.19|46.19||0.20%
2017-06-26|46.25|46.25|46.25|46.25||0.13%
2017-06-27|46.39|46.39|46.39|46.39||0.30%
2017-06-28|46.45|46.45|46.45|46.45|0.15K|0.13%
2017-06-29|46.47|46.47|46.47|46.47||0.04%
2017-06-30|46.47|46.47|46.47|46.47||0.00%
2017-07-03|48.54|48.54|48.54|48.54||4.45%
2017-07-05|46.8|46.8|46.8|46.8||-3.58%
2017-07-06|47.01|47.01|47.01|47.01||0.45%
2017-07-07|45.88|45.88|45.88|45.88||-2.40%
2017-07-10|46.03|46.03|46.03|46.03||0.33%
2017-07-11|46.43|46.43|46.43|46.43||0.87%
2017-07-12|46.58|46.58|46.58|46.58||0.32%
2017-07-13|46.95|46.95|46.95|46.95||0.79%
2017-07-14|47.23|47.23|47.23|47.23||0.60%
2017-07-17|46.98|46.98|46.98|46.98||-0.53%
2017-07-18|47.14|47.14|47.14|47.14||0.34%
2017-07-19|47.46|47.46|47.46|47.46||0.68%
2017-07-20|47.32|47.32|47.32|47.32|0.10K|-0.29%
2017-07-21|47|47|47|47||-0.68%
2017-07-24|47.11|47.11|47.11|47.11||0.23%
2017-07-25|47.41|47.41|47.41|47.41||0.64%
2017-07-26|47.52|47.52|47.52|47.52||0.23%
2017-07-27|47.56|47.56|47.56|47.56||0.08%
2017-07-28|47.56|47.56|47.56|47.56||0.00%
2017-07-31|47.57|47.57|47.57|47.57||0.02%
2017-08-01|50.42|50.42|50.42|50.42||5.99%
2017-08-02|51.03|51.03|51.03|51.03||1.21%
2017-08-03|50.64|50.64|50.64|50.64||-0.76%
2017-08-04|51.1|51.1|51.1|51.1||0.91%
2017-08-07|51|51|51|51||-0.20%
2017-08-08|50.8|50.8|50.8|50.8||-0.39%
2017-08-09|50.66|50.66|50.66|50.66||-0.28%
2017-08-10|50.59|50.59|50.59|50.59||-0.14%
2017-08-11|50.63|50.63|50.63|50.63||0.08%
2017-08-14|49.85|49.85|49.85|49.85||-1.54%
2017-08-15|49.9|49.9|49.9|49.9||0.10%
2017-08-16|49.57|49.57|49.57|49.57||-0.66%
2017-08-17|49.84|49.84|49.84|49.84||0.54%
2017-08-18|50.45|50.45|50.45|50.45||1.22%
2017-08-21|50.09|50.09|50.09|50.09||-0.71%
2017-08-22|50.14|50.14|50.14|50.14||0.10%
2017-08-23|50.36|50.36|50.36|50.36||0.44%
2017-08-24|50.21|50.21|50.21|50.21||-0.30%
2017-08-25|50.3|50.3|50.3|50.3||0.18%
2017-08-28|50.24|50.24|50.24|50.24||-0.12%
2017-08-29|50.25|50.25|50.25|50.25|0.15K|0.02%
2017-08-30|50.22|50.22|50.22|50.22|0.15K|-0.06%
2017-08-31|50.22|50.22|50.22|50.22|0.33K|0.00%
2017-09-01|51.49|51.49|51.49|51.49||2.53%
2017-09-05|52.02|52.02|52.02|52.02||1.03%
2017-09-06|52.76|52.76|52.76|52.76||1.42%
2017-09-07|52.78|52.78|52.78|52.78||0.04%
2017-09-08|52.24|52.24|52.24|52.24||-1.02%
2017-09-11|52.35|52.35|52.35|52.35||0.21%
2017-09-12|52.58|52.58|52.58|52.58|0.10K|0.44%
2017-09-13|53.06|53.06|53.06|53.06||0.91%
2017-09-14|53.22|53.22|53.22|53.22||0.30%
2017-09-15|53.28|53.28|53.28|53.28||0.11%
2017-09-18|53.25|53.25|53.25|53.25||-0.06%
2017-09-19|53.09|53.09|53.09|53.09||-0.30%
2017-09-20|53.51|53.51|53.51|53.51||0.79%
2017-09-21|53.52|53.52|53.52|53.52||0.02%
2017-09-22|53.6|53.6|53.6|53.6||0.15%
2017-09-25|53.92|53.92|53.92|53.92||0.60%
2017-09-26|53.77|53.77|53.77|53.77||-0.28%
2017-09-27|53.67|53.67|53.67|53.67||-0.19%
2017-09-28|53.63|53.63|53.63|53.63||-0.07%
2017-09-29|53.67|53.67|53.67|53.67||0.07%
2017-10-02|54.72|54.72|54.72|54.72||1.96%
2017-10-03|54.42|54.42|54.42|54.42||-0.55%
2017-10-04|54.29|54.29|54.29|54.29||-0.24%
2017-10-05|55.22|55.22|55.22|55.22||1.71%
2017-10-06|53.95|53.95|53.95|53.95||-2.30%
2017-10-09|54.1|54.1|54.1|54.1||0.28%
2017-10-10|54.61|54.61|54.61|54.61||0.94%
2017-10-11|54.83|54.83|54.83|54.83||0.40%
2017-10-12|54.54|54.54|54.54|54.54||-0.53%
2017-10-13|55.04|55.04|55.04|55.04||0.92%
2017-10-16|55.34|55.34|55.34|55.34||0.55%
2017-10-17|55.37|55.37|55.37|55.37||0.05%
2017-10-18|55.48|55.48|55.48|55.48||0.20%
2017-10-19|55.13|55.13|55.13|55.13||-0.63%
2017-10-20|55.27|55.27|55.27|55.27||0.25%
2017-10-23|55.14|55.14|55.14|55.14||-0.24%
2017-10-24|55.39|55.39|55.39|55.39||0.45%
2017-10-25|55.34|55.34|55.34|55.34||-0.09%
2017-10-26|55.45|55.45|55.45|55.45||0.20%
2017-10-27|55.55|55.55|55.55|55.55||0.18%
2017-10-30|55.54|55.54|55.54|55.54||-0.02%
2017-10-31|55.55|55.55|55.55|55.55||0.02%
2017-11-01|58.73|58.73|58.73|58.73||5.72%
2017-11-02|58.87|58.87|58.87|58.87||0.24%
2017-11-03|60.15|60.15|60.15|60.15||2.17%
2017-11-06|61.83|61.83|61.83|61.83||2.79%
2017-11-07|61.2|61.2|61.2|61.2||-1.02%
2017-11-08|61.14|61.14|61.14|61.14||-0.10%
2017-11-09|61.56|61.56|61.56|61.56||0.69%
2017-11-10|61.3|61.3|61.3|61.3||-0.42%
2017-11-13|61.18|61.18|61.18|61.18||-0.20%
2017-11-14|60.69|60.69|60.69|60.69||-0.80%
2017-11-15|60.49|60.49|60.49|60.49||-0.33%
2017-11-16|60.22|60.22|60.22|60.22||-0.45%
2017-11-17|60.82|60.82|60.82|60.82||1.00%
2017-11-20|60.55|60.55|60.55|60.55|0.40K|-0.44%
2017-11-21|60.63|60.63|60.63|60.63|0.01K|0.13%
2017-11-22|60.78|60.78|60.78|60.78||0.25%
2017-11-24|60.92|60.92|60.92|60.92||0.23%
2017-11-27|60.88|60.88|60.88|60.88||-0.07%
2017-11-28|60.8|60.8|60.8|60.8||-0.13%
2017-11-29|60.8|60.8|60.8|60.8||0.00%
2017-11-30|60.82|60.82|60.82|60.82||0.03%
2017-12-01|61.23|61.23|61.23|61.23||0.67%
2017-12-04|60.02|60.02|60.02|60.02||-1.98%
2017-12-05|60.55|60.55|60.55|60.55||0.88%
2017-12-06|59.34|59.34|59.34|59.34||-2.00%
2017-12-07|60.22|60.22|60.22|60.22||1.48%
2017-12-08|60.84|60.84|60.84|60.84||1.03%
2017-12-11|61.62|61.62|61.62|61.62||1.28%
2017-12-12|60.56|60.56|60.56|60.56||-1.72%
2017-12-13|60.12|60.12|60.12|60.12||-0.73%
2017-12-14|60.65|60.65|60.65|60.65||0.88%
2017-12-15|60.7|60.7|60.7|60.7||0.08%
2017-12-18|60.8|60.8|60.8|60.8||0.16%
2017-12-19|61.02|61.02|61.02|61.02||0.36%
2017-12-20|61.28|61.28|61.28|61.28||0.43%
2017-12-21|61.3|61.3|61.3|61.3||0.03%
2017-12-22|61.15|61.15|61.15|61.15||-0.24%
2017-12-26|61.6|61.6|61.6|61.6||0.74%
2017-12-27|61.52|61.52|61.52|61.52||-0.13%
2017-12-28|61.56|61.56|61.56|61.56||0.07%
2017-12-29|61.6|61.6|61.6|61.6||0.06%
2018-01-02|64.02|64.02|64.02|64.02||3.93%
2018-01-03|65.24|65.24|65.24|65.24||1.91%
2018-01-04|65.31|65.31|65.31|65.31||0.11%
2018-01-05|64.94|64.94|64.94|64.94||-0.57%
2018-01-08|65.09|65.09|65.09|65.09||0.23%
2018-01-09|65.81|65.81|65.81|65.81||1.11%
2018-01-10|66.01|66.01|66.01|66.01||0.30%
2018-01-11|66.07|66.07|66.07|66.07||0.09%
2018-01-12|66.36|66.36|66.36|66.36||0.44%
2018-01-16|66.05|66.05|66.05|66.05||-0.47%
2018-01-17|66.13|66.13|66.13|66.13||0.12%
2018-01-18|66.08|66.08|66.08|66.08||-0.08%
2018-01-19|65.82|65.82|65.82|65.82||-0.39%
2018-01-22|65.97|65.97|65.97|65.97||0.23%
2018-01-23|66.21|66.21|66.21|66.21||0.36%
2018-01-24|66.31|66.31|66.31|66.31||0.15%
2018-01-25|66.26|66.26|66.26|66.26||-0.08%
2018-01-26|66.32|66.32|66.32|66.32||0.09%
2018-01-29|66.23|66.23|66.23|66.23||-0.14%
2018-01-30|66.2|66.2|66.2|66.2||-0.05%
2018-01-31|66.19|66.19|66.19|66.19||-0.02%
2018-02-01|66.73|66.73|66.73|66.73||0.82%
2018-02-02|65.74|65.74|65.74|65.74||-1.48%
2018-02-05|64.99|64.99|64.99|64.99||-1.14%
2018-02-06|64.27|64.27|64.27|64.27||-1.11%
2018-02-07|63.14|63.14|63.14|63.14||-1.76%
2018-02-08|62.64|62.64|62.64|62.64||-0.79%
2018-02-09|61.22|61.22|61.22|61.22||-2.27%
2018-02-12|61.16|61.16|61.16|61.16||-0.10%
2018-02-13|61.29|61.29|61.29|61.29||0.21%
2018-02-14|62.05|62.05|62.05|62.05||1.24%
2018-02-15|62.28|62.28|62.28|62.28||0.37%
2018-02-16|62.28|62.28|62.28|62.28||0.00%
2018-02-20|62.43|62.43|62.43|62.43||0.24%
2018-02-21|62.47|62.47|62.47|62.47||0.06%
2018-02-22|62.62|62.62|62.62|62.62||0.24%
2018-02-23|62.75|62.75|62.75|62.75||0.21%
2018-02-26|62.75|62.75|62.75|62.75||0.00%
2018-02-27|62.72|62.72|62.72|62.72||-0.05%
2018-02-28|62.72|62.72|62.72|62.72||0.00%
2018-03-01|60.39|60.39|60.39|60.39||-3.71%
2018-03-02|60.91|60.91|60.91|60.91||0.86%
2018-03-05|61.94|61.94|61.94|61.94||1.69%
2018-03-06|62.21|62.21|62.21|62.21||0.44%
2018-03-07|60.91|60.91|60.91|60.91||-2.09%
2018-03-08|60.44|60.44|60.44|60.44||-0.77%
2018-03-09|61.69|61.69|61.69|61.69||2.07%
2018-03-12|61.32|61.32|61.32|61.32|0.01K|-0.60%
2018-03-13|61.17|61.17|61.17|61.17||-0.24%
2018-03-14|61.36|61.36|61.36|61.36|0.01K|0.31%
2018-03-15|61.48|61.48|61.48|61.48||0.20%
2018-03-16|61.96|61.96|61.96|61.96||0.78%
2018-03-19|61.86|61.86|61.86|61.86|0.01K|-0.16%
2018-03-20|62.27|62.27|62.27|62.27||0.66%
2018-03-21|62.84|62.84|62.84|62.84||0.92%
2018-03-22|62.62|62.62|62.62|62.62||-0.35%
2018-03-23|62.84|62.84|62.84|62.84||0.35%
2018-03-26|62.77|62.77|62.77|62.77||-0.11%
2018-03-27|62.76|62.76|62.76|62.76||-0.02%
2018-03-28|62.68|62.68|62.68|62.68|0.00K|-0.13%
2018-03-29|62.73|62.73|62.73|62.73||0.08%
2018-04-02|64.62|64.62|64.62|64.62||3.01%
2018-04-03|65.16|65.16|65.16|65.16||0.84%
2018-04-04|65.17|65.17|65.17|65.17||0.02%
2018-04-05|65.46|65.46|65.46|65.46||0.44%
2018-04-06|64.65|64.65|64.65|64.65||-1.24%
2018-04-09|65.83|65.83|65.83|65.83||1.83%
2018-04-10|67.27|67.27|67.27|67.27||2.19%
2018-04-11|67.78|67.78|67.78|67.78||0.76%
2018-04-12|67.66|67.66|67.66|67.66||-0.18%
2018-04-13|67.8|67.8|67.8|67.8|0.00K|0.21%
2018-04-16|67.25|67.25|67.25|67.25|0.01K|-0.81%
2018-04-17|67.38|67.38|67.38|67.38||0.19%
2018-04-18|68.16|68.16|68.16|68.16||1.16%
2018-04-19|68.18|68.18|68.18|68.18||0.03%
2018-04-20|68.29|68.29|68.29|68.29||0.16%
2018-04-23|68.41|68.41|68.41|68.41||0.18%
2018-04-24|68.2|68.2|68.2|68.2||-0.31%
2018-04-25|68.16|68.16|68.16|68.16|0.01K|-0.06%
2018-04-26|68.28|68.28|68.28|68.28||0.18%
2018-04-27|68.28|68.28|68.28|68.28||0.00%
2018-04-30|68.27|68.27|68.27|68.27||-0.01%
2018-05-01|70.55|70.55|70.55|70.55||3.34%
2018-05-02|70.44|70.44|70.44|70.44||-0.16%
2018-05-03|70.71|70.71|70.71|70.71||0.38%
2018-05-04|71.78|71.78|71.78|71.78||1.51%
2018-05-07|72.83|72.83|72.83|72.83||1.46%
2018-05-08|71.73|71.73|71.73|71.73||-1.51%
2018-05-09|73.37|73.37|73.37|73.37||2.29%
2018-05-10|73.68|73.68|73.68|73.68||0.42%
2018-05-11|73.48|73.48|73.48|73.48||-0.27%
2018-05-14|74.02|74.02|74.02|74.02||0.73%
2018-05-15|74.04|74.04|74.04|74.04||0.03%
2018-05-16|74.59|74.59|74.59|74.59||0.74%
2018-05-17|74.67|74.67|74.67|74.67||0.11%
2018-05-18|74.45|74.45|74.45|74.45||-0.29%
2018-05-21|74.79|74.79|74.79|74.79||0.46%
2018-05-22|74.91|74.91|74.91|74.91|0.02K|0.16%
2018-05-23|74.98|74.98|74.98|74.98|0.04K|0.09%
2018-05-24|74.78|74.78|74.78|74.78||-0.27%
2018-05-25|74.45|74.45|74.45|74.45||-0.44%
2018-05-29|74.58|74.58|74.58|74.58||0.17%
2018-05-30|74.44|74.44|74.44|74.44||-0.19%
2018-05-31|74.41|74.41|74.41|74.41||-0.04%
2018-06-01|74.11|74.11|74.11|74.11||-0.40%
2018-06-04|73.15|73.15|73.15|73.15||-1.30%
2018-06-05|73.38|73.38|73.38|73.38||0.31%
2018-06-06|73.42|73.42|73.42|73.42||0.05%
2018-06-07|74.88|74.88|74.88|74.88||1.99%
2018-06-08|74.3|74.3|74.3|74.3||-0.77%
2018-06-11|74.37|74.37|74.37|74.37||0.09%
2018-06-12|73.97|73.97|73.97|73.97||-0.54%
2018-06-13|74.46|74.46|74.46|74.46||0.66%
2018-06-14|73.94|73.94|73.94|73.94||-0.70%
2018-06-15|72.79|72.79|72.79|72.79||-1.56%
2018-06-18|73.49|73.49|73.49|73.49||0.96%
2018-06-19|73.19|73.19|73.19|73.19||-0.41%
2018-06-20|73.02|73.02|73.02|73.02||-0.23%
2018-06-21|72.63|72.63|72.63|72.63||-0.53%
2018-06-22|73.3|73.3|73.3|73.3||0.92%
2018-06-25|73.15|73.15|73.15|73.15||-0.20%
2018-06-26|73.44|73.44|73.44|73.44||0.40%
2018-06-27|73.58|73.58|73.58|73.58||0.19%
2018-06-28|73.57|73.57|73.57|73.57||-0.01%
2018-06-29|73.59|73.59|73.59|73.59||0.03%
2018-07-02|74.33|74.33|74.33|74.33||1.01%
2018-07-03|74.88|74.88|74.88|74.88||0.74%
2018-07-05|74.53|74.53|74.53|74.53||-0.47%
2018-07-06|74.25|74.25|74.25|74.25||-0.38%
2018-07-09|75.08|75.08|75.08|75.08||1.12%
2018-07-10|75.73|75.73|75.73|75.73||0.87%
2018-07-11|72.35|72.35|72.35|72.35||-4.46%
2018-07-12|73.23|73.23|73.23|73.23||1.22%
2018-07-13|73.82|73.82|73.82|73.82||0.81%
2018-07-16|72.01|72.01|72.01|72.01||-2.45%
2018-07-17|72.37|72.37|72.37|72.37||0.50%
2018-07-18|72.72|72.72|72.72|72.72||0.48%
2018-07-19|72.44|72.44|72.44|72.44||-0.39%
2018-07-20|72.59|72.59|72.59|72.59||0.21%
2018-07-23|72.67|72.67|72.67|72.67||0.11%
2018-07-24|72.82|72.82|72.82|72.82||0.21%
2018-07-25|73.01|73.01|73.01|73.01||0.26%
2018-07-26|73.14|73.14|73.14|73.14||0.18%
2018-07-27|73.14|73.14|73.14|73.14||0.00%
2018-07-30|73.15|73.15|73.15|73.15||0.01%
2018-07-31|73.12|73.12|73.12|73.12||-0.04%
2018-08-01|70.83|70.83|70.83|70.83||-3.13%
2018-08-02|72.2|72.2|72.2|72.2||1.93%
2018-08-03|71.89|71.89|71.89|71.89||-0.43%
2018-08-06|72.35|72.35|72.35|72.35||0.64%
2018-08-07|72.91|72.91|72.91|72.91||0.77%
2018-08-08|71.29|71.29|71.29|71.29||-2.22%
2018-08-09|71.14|71.14|71.14|71.14||-0.21%
2018-08-10|71.71|71.71|71.71|71.71||0.80%
2018-08-13|71.52|71.52|71.52|71.52||-0.26%
2018-08-14|71.41|71.41|71.41|71.41||-0.15%
2018-08-15|70.53|70.53|70.53|70.53||-1.23%
2018-08-16|70.88|70.88|70.88|70.88||0.50%
2018-08-17|71.07|71.07|71.07|71.07||0.27%
2018-08-20|71.18|71.18|71.18|71.18||0.15%
2018-08-21|71.38|71.38|71.38|71.38||0.28%
2018-08-22|72.06|72.06|72.06|72.06||0.95%
2018-08-23|72.07|72.07|72.07|72.07||0.01%
2018-08-24|72.39|72.39|72.39|72.39||0.44%
2018-08-27|72.45|72.45|72.45|72.45||0.08%
2018-08-28|72.39|72.39|72.39|72.39||-0.08%
2018-08-29|72.49|72.49|72.49|72.49||0.14%
2018-08-30|72.51|72.51|72.51|72.51||0.03%
2018-08-31|72.49|72.49|72.49|72.49||-0.03%
2018-09-04|76.4|76.4|76.4|76.4||5.39%
2018-09-05|75.53|75.53|75.53|75.53||-1.14%
2018-09-06|74.69|74.69|74.69|74.69||-1.11%
2018-09-07|75.04|75.04|75.04|75.04||0.47%
2018-09-10|75.56|75.56|75.56|75.56||0.69%
2018-09-11|76.72|76.72|76.72|76.72||1.54%
2018-09-12|77.1|77.1|77.1|77.1||0.50%
2018-09-13|76.22|76.22|76.22|76.22||-1.14%
2018-09-14|76.13|76.13|76.13|76.13||-0.12%
2018-09-17|76.06|76.06|76.06|76.06||-0.09%
2018-09-18|76.5|76.5|76.5|76.5||0.58%
2018-09-19|76.65|76.65|76.65|76.65||0.20%
2018-09-20|76.44|76.44|76.44|76.44||-0.27%
2018-09-21|76.48|76.48|76.48|76.48||0.05%
2018-09-24|77.02|77.02|77.02|77.02||0.71%
2018-09-25|77.14|77.14|77.14|77.14||0.16%
2018-09-26|77.1|77.1|77.1|77.1||-0.05%
2018-09-27|77.22|77.22|77.22|77.22||0.16%
2018-09-28|77.25|77.25|77.25|77.25||0.04%
2018-10-01|82.82|82.82|82.82|82.82||7.21%
2018-10-02|82.66|82.66|82.66|82.66||-0.19%
2018-10-03|84.12|84.12|84.12|84.12||1.77%
2018-10-04|82.78|82.78|82.78|82.78||-1.59%
2018-10-05|82.71|82.71|82.71|82.71||-0.08%
2018-10-08|82.58|82.58|82.58|82.58||-0.16%
2018-10-09|83.26|83.26|83.26|83.26||0.82%
2018-10-10|81.85|81.85|81.85|81.85||-1.69%
2018-10-11|80.19|80.19|80.19|80.19||-2.03%
2018-10-12|80.37|80.37|80.37|80.37||0.22%
2018-10-15|80.39|80.39|80.39|80.39||0.02%
2018-10-16|80.85|80.85|80.85|80.85||0.57%
2018-10-17|80.25|80.25|80.25|80.25||-0.74%
2018-10-18|80.03|80.03|80.03|80.03||-0.27%
2018-10-19|80.08|80.08|80.08|80.08||0.06%
2018-10-22|80.19|80.19|80.19|80.19||0.14%
2018-10-23|79.32|79.32|79.32|79.32||-1.08%
2018-10-24|79.28|79.28|79.28|79.28||-0.05%
2018-10-25|79.38|79.38|79.38|79.38||0.13%
2018-10-26|79.45|79.45|79.45|79.45||0.09%
2018-10-29|79.41|79.41|79.41|79.41||-0.05%
2018-10-30|79.35|79.35|79.35|79.35||-0.08%
2018-10-31|79.39|79.39|79.39|79.39||0.05%
2018-11-01|71.56|71.56|71.56|71.56||-9.86%
2018-11-02|71.54|71.54|71.54|71.54||-0.03%
2018-11-05|71.88|71.88|71.88|71.88||0.48%
2018-11-06|70.99|70.99|70.99|70.99||-1.24%
2018-11-07|71.06|71.06|71.06|71.06||0.10%
2018-11-08|69.98|69.98|69.98|69.98||-1.52%
2018-11-09|69.82|69.82|69.82|69.82||-0.23%
2018-11-12|69.81|69.81|69.81|69.81||-0.01%
2018-11-13|66.91|66.91|66.91|66.91||-4.15%
2018-11-14|67.26|67.26|67.26|67.26||0.52%
2018-11-15|67.55|67.55|67.55|67.55||0.43%
2018-11-16|67.6|67.6|67.6|67.6||0.07%
2018-11-19|67.68|67.68|67.68|67.68||0.12%
2018-11-20|66.06|66.06|66.06|66.06||-2.39%
2018-11-21|66.47|66.47|66.47|66.47||0.62%
2018-11-23|65.35|65.35|65.35|65.35||-1.68%
2018-11-26|65.63|65.63|65.63|65.63||0.43%
2018-11-27|65.59|65.59|65.59|65.59||-0.06%
2018-11-28|65.52|65.52|65.52|65.52||-0.11%
2018-11-29|65.59|65.59|65.59|65.59||0.11%
2018-11-30|65.56|65.56|65.56|65.56||-0.05%
2018-12-03|60.52|60.52|60.52|60.52||-7.69%
2018-12-04|61.05|61.05|61.05|61.05||0.88%
2018-12-05|60.46|60.46|60.46|60.46||-0.97%
2018-12-06|59.21|59.21|59.21|59.21||-2.07%
2018-12-07|60.2|60.2|60.2|60.2||1.67%
2018-12-10|59.01|59.01|59.01|59.01||-1.98%
2018-12-11|59.14|59.14|59.14|59.14||0.22%
2018-12-12|59.24|59.24|59.24|59.24||0.17%
2018-12-13|59.92|59.92|59.92|59.92||1.15%
2018-12-14|59.35|59.35|59.35|59.35||-0.95%
2018-12-17|59.14|59.14|59.14|59.14||-0.35%
2018-12-18|57.92|57.92|57.92|57.92||-2.06%
2018-12-19|58.21|58.21|58.21|58.21||0.50%
2018-12-20|57.53|57.53|57.53|57.53||-1.17%
2018-12-21|57.48|57.48|57.48|57.48||-0.09%
2018-12-24|56.93|56.93|56.93|56.93||-0.96%
2018-12-26|57.42|57.42|57.42|57.42||0.86%
2018-12-27|57.28|57.28|57.28|57.28||-0.24%
2018-12-28|57.32|57.32|57.32|57.32||0.07%
2018-12-31|57.32|57.32|57.32|57.32||0.00%
2019-01-02|53.89|53.89|53.89|53.89||-5.98%
2019-01-03|54.76|54.76|54.76|54.76||1.61%
2019-01-04|55.47|55.47|55.47|55.47||1.30%
2019-01-07|55.62|55.62|55.62|55.62||0.27%
2019-01-08|56.87|56.87|56.87|56.87||2.25%
2019-01-09|58.9|58.9|58.9|58.9||3.57%
2019-01-10|59.09|59.09|59.09|59.09||0.32%
2019-01-11|58.38|58.38|58.38|58.38||-1.20%
2019-01-14|57.64|57.64|57.64|57.64||-1.27%
2019-01-15|58.51|58.51|58.51|58.51||1.51%
2019-01-16|58.87|58.87|58.87|58.87||0.62%
2019-01-17|58.86|58.86|58.86|58.86||-0.02%
2019-01-18|59.52|59.52|59.52|59.52||1.12%
2019-01-22|59.1|59.1|59.1|59.1||-0.71%
2019-01-23|59.08|59.08|59.08|59.08||-0.03%
2019-01-24|59.16|59.16|59.16|59.16||0.14%
2019-01-25|59.23|59.23|59.23|59.23||0.12%
2019-01-28|58.92|58.92|58.92|58.92||-0.52%
2019-01-29|59.05|59.05|59.05|59.05||0.22%
2019-01-30|59.05|59.05|59.05|59.05||0.00%
2019-01-31|59.08|59.08|59.08|59.08||0.05%
2019-02-01|62.62|62.62|62.62|62.62||5.99%
2019-02-04|62.55|62.55|62.55|62.55||-0.11%
2019-02-05|62.08|62.08|62.08|62.08||-0.75%
2019-02-06|62.71|62.71|62.71|62.71||1.01%
2019-02-07|61.79|61.79|61.79|61.79||-1.47%
2019-02-08|62.16|62.16|62.16|62.16||0.60%
2019-02-11|61.65|61.65|61.65|61.65||-0.82%
2019-02-12|62.51|62.51|62.51|62.51||1.39%
2019-02-13|63.29|63.29|63.29|63.29||1.25%
2019-02-14|64.06|64.06|64.06|64.06||1.22%
2019-02-15|64.68|64.68|64.68|64.68||0.97%
2019-02-19|64.66|64.66|64.66|64.66||-0.03%
2019-02-20|64.95|64.95|64.95|64.95||0.45%
2019-02-21|64.93|64.93|64.93|64.93||-0.03%
2019-02-22|64.92|64.92|64.92|64.92||-0.02%
2019-02-25|64.5|64.5|64.5|64.5||-0.65%
2019-02-26|64.53|64.53|64.53|64.53||0.05%
2019-02-27|64.6|64.6|64.6|64.6||0.11%
2019-02-28|64.58|64.58|64.58|64.58||-0.03%
2019-03-01|65|65|65|65||0.65%
2019-03-04|65.61|65.61|65.61|65.61||0.94%
2019-03-05|65.86|65.86|65.86|65.86||0.38%
2019-03-06|66.13|66.13|66.13|66.13||0.41%
2019-03-07|66.43|66.43|66.43|66.43||0.45%
2019-03-08|66.02|66.02|66.02|66.02||-0.62%
2019-03-11|66.59|66.59|66.59|66.59||0.86%
2019-03-12|66.63|66.63|66.63|66.63||0.06%
2019-03-13|67.18|67.18|67.18|67.18||0.83%
2019-03-14|66.94|66.94|66.94|66.94||-0.36%
2019-03-15|66.87|66.87|66.87|66.87||-0.10%
2019-03-18|67.02|67.02|67.02|67.02||0.22%
2019-03-19|67.05|67.05|67.05|67.05||0.04%
2019-03-20|67.34|67.34|67.34|67.34||0.43%
2019-03-21|67.09|67.09|67.09|67.09||-0.37%
2019-03-22|66.9|66.9|66.9|66.9||-0.28%
2019-03-25|66.89|66.89|66.89|66.89||-0.01%
2019-03-26|66.97|66.97|66.97|66.97||0.12%
2019-03-27|66.92|66.92|66.92|66.92||-0.07%
2019-03-28|66.89|66.89|66.89|66.89||-0.04%
2019-03-29|66.93|66.93|66.93|66.93||0.06%
2019-04-01|68.46|68.46|68.46|68.46||2.29%
2019-04-02|68.89|68.89|68.89|68.89||0.63%
2019-04-03|68.82|68.82|68.82|68.82||-0.10%
2019-04-04|68.98|68.98|68.98|68.98||0.23%
2019-04-05|69.73|69.73|69.73|69.73||1.09%
2019-04-08|70.09|70.09|70.09|70.09||0.52%
2019-04-09|69.66|69.66|69.66|69.66||-0.61%
2019-04-10|70.39|70.39|70.39|70.39||1.05%
2019-04-11|69.7|69.7|69.7|69.7||-0.98%
2019-04-12|69.98|69.98|69.98|69.98||0.40%
2019-04-15|69.83|69.83|69.83|69.83||-0.21%
2019-04-16|70.24|70.24|70.24|70.24||0.59%
2019-04-17|70.15|70.15|70.15|70.15||-0.13%
2019-04-18|70.37|70.37|70.37|70.37||0.31%
2019-04-22|71.02|71.02|71.02|71.02||0.92%
2019-04-23|71.1|71.1|71.1|71.1||0.11%
2019-04-24|71.2|71.2|71.2|71.2||0.14%
2019-04-25|71.13|71.13|71.13|71.13||-0.10%
2019-04-26|70.96|70.96|70.96|70.96||-0.24%
2019-04-29|70.93|70.93|70.93|70.93||-0.04%
2019-04-30|70.95|70.95|70.95|70.95||0.03%
2019-05-01|71.65|71.65|71.65|71.65||0.99%
2019-05-02|70.61|70.61|70.61|70.61||-1.45%
2019-05-03|70.64|70.64|70.64|70.64||0.04%
2019-05-06|70.56|70.56|70.56|70.56||-0.11%
2019-05-07|69.41|69.41|69.41|69.41||-1.63%
2019-05-08|69.59|69.59|69.59|69.59||0.26%
2019-05-09|69.69|69.69|69.69|69.69||0.14%
2019-05-10|69.9|69.9|69.9|69.9||0.30%
2019-05-13|69.64|69.64|69.64|69.64||-0.37%
2019-05-14|70.4|70.4|70.4|70.4||1.09%
2019-05-15|70.64|70.64|70.64|70.64||0.34%
2019-05-16|71.15|71.15|71.15|71.15||0.72%
2019-05-17|71.01|71.01|71.01|71.01||-0.20%
2019-05-20|70.91|70.91|70.91|70.91||-0.14%
2019-05-21|70.99|70.99|70.99|70.99||0.11%
2019-05-22|70.5|70.5|70.5|70.5||-0.69%
2019-05-23|69.37|69.37|69.37|69.37||-1.60%
2019-05-24|69.43|69.43|69.43|69.43||0.09%
2019-05-28|69.66|69.66|69.66|69.66||0.33%
2019-05-29|69.51|69.51|69.51|69.51||-0.22%
2019-05-30|69.34|69.34|69.34|69.34||-0.24%
2019-05-31|69.38|69.38|69.38|69.38||0.06%
2019-06-03|60.4|60.4|60.4|60.4||-12.94%
2019-06-04|60.83|60.83|60.83|60.83||0.71%
2019-06-05|59.57|59.57|59.57|59.57||-2.07%
2019-06-06|59.85|59.85|59.85|59.85||0.47%
2019-06-07|61.26|61.26|61.26|61.26||2.36%
2019-06-10|60.59|60.59|60.59|60.59||-1.09%
2019-06-11|60.94|60.94|60.94|60.94||0.58%
2019-06-12|59.37|59.37|59.37|59.37||-2.58%
2019-06-13|60.18|60.18|60.18|60.18||1.36%
2019-06-14|60.57|60.57|60.57|60.57||0.65%
2019-06-17|59.94|59.94|59.94|59.94||-1.04%
2019-06-18|60.64|60.64|60.64|60.64||1.17%
2019-06-19|60.65|60.65|60.65|60.65||0.02%
2019-06-20|61.59|61.59|61.59|61.59||1.55%
2019-06-21|61.81|61.81|61.81|61.81||0.36%
2019-06-24|61.64|61.64|61.64|61.64||-0.28%
2019-06-25|61.63|61.63|61.63|61.63||-0.02%
2019-06-26|61.77|61.77|61.77|61.77||0.23%
2019-06-27|61.73|61.73|61.73|61.73||-0.06%
2019-07-01|63.19|63.19|63.19|63.19||2.37%
2019-07-02|61.02|61.02|61.02|61.02||-3.43%
2019-07-03|62.25|62.25|62.25|62.25||2.02%
2019-07-05|62.53|62.53|62.53|62.53||0.45%
2019-07-08|62.61|62.61|62.61|62.61||0.13%
2019-07-09|62.77|62.77|62.77|62.77||0.26%
2019-07-10|64.62|64.62|64.62|64.62||2.95%
2019-07-11|64.24|64.24|64.24|64.24||-0.59%
2019-07-12|64.44|64.44|64.44|64.44||0.31%
2019-07-15|64.31|64.31|64.31|64.31||-0.20%
2019-07-16|63.19|63.19|63.19|63.19||-1.74%
2019-07-17|62.85|62.85|62.85|62.85||-0.54%
2019-07-18|62.31|62.31|62.31|62.31||-0.86%
2019-07-19|62.59|62.59|62.59|62.59||0.45%
2019-07-22|62.95|62.95|62.95|62.95||0.58%
2019-07-23|63.07|63.07|63.07|63.07||0.19%
2019-07-24|63.02|63.02|63.02|63.02||-0.08%
2019-07-25|63.14|63.14|63.14|63.14||0.19%
2019-07-26|63.17|63.17|63.17|63.17||0.05%
2019-07-29|63.16|63.16|63.16|63.16||-0.02%
2019-07-30|63.23|63.23|63.23|63.23||0.11%
2019-07-31|63.25|63.25|63.25|63.25||0.03%
2019-08-01|59.4|59.4|59.4|59.4||-6.09%
2019-08-02|60.56|60.56|60.56|60.56||1.95%
2019-08-05|58.86|58.86|58.86|58.86||-2.81%
2019-08-06|58.27|58.27|58.27|58.27||-1.00%
2019-08-07|56.4|56.4|56.4|56.4||-3.21%
2019-08-08|57.47|57.47|57.47|57.47||1.90%
2019-08-09|58.31|58.31|58.31|58.31||1.46%
2019-08-12|58.35|58.35|58.35|58.35||0.07%
2019-08-13|60.03|60.03|60.03|60.03||2.88%
2019-08-14|58.71|58.71|58.71|58.71||-2.20%
2019-08-15|58.09|58.09|58.09|58.09||-1.06%
2019-08-16|58.35|58.35|58.35|58.35||0.45%
2019-08-19|58.93|58.93|58.93|58.93||0.99%
2019-08-20|59.12|59.12|59.12|59.12||0.32%
2019-08-21|59.3|59.3|59.3|59.3||0.30%
2019-08-22|59.27|59.27|59.27|59.27||-0.05%
2019-08-23|59.06|59.06|59.06|59.06||-0.35%
2019-08-26|58.87|58.87|58.87|58.87||-0.32%
2019-08-27|58.98|58.98|58.98|58.98||0.19%
2019-08-28|59.11|59.11|59.11|59.11||0.22%
2019-08-29|59.09|59.09|59.09|59.09||-0.03%
2019-08-30|59.11|59.11|59.11|59.11||0.03%
2019-09-03|56.69|56.69|56.69|56.69||-4.09%
2019-09-04|58.6|58.6|58.6|58.6||3.37%
2019-09-05|58.64|58.64|58.64|58.64||0.07%
2019-09-06|59.3|59.3|59.3|59.3||1.13%
2019-09-09|60.06|60.06|60.06|60.06||1.28%
2019-09-10|59.75|59.75|59.75|59.75||-0.52%
2019-09-11|58.73|58.73|58.73|58.73||-1.71%
2019-09-12|58.64|58.64|58.64|58.64||-0.15%
2019-09-13|58.58|58.58|58.58|58.58||-0.10%
2019-09-16|63.12|63.12|63.12|63.12||7.75%
2019-09-17|61.32|61.32|61.32|61.32||-2.85%
2019-09-18|61.13|61.13|61.13|61.13||-0.31%
2019-09-19|61.41|61.41|61.41|61.41||0.46%
2019-09-20|61.51|61.51|61.51|61.51||0.16%
2019-09-23|61.64|61.64|61.64|61.64||0.21%
2019-09-24|61.24|61.24|61.24|61.24||-0.65%
2019-09-25|61.09|61.09|61.09|61.09||-0.24%
2019-09-26|61.16|61.16|61.16|61.16||0.11%
2019-09-27|61.09|61.09|61.09|61.09||-0.11%
2019-09-30|61.12|61.12|61.12|61.12||0.05%
2019-10-01|58.11|58.11|58.11|58.11||-4.92%
2019-10-02|57.32|57.32|57.32|57.32||-1.36%
2019-10-03|57.45|57.45|57.45|57.45||0.23%
2019-10-04|58.11|58.11|58.11|58.11||1.15%
2019-10-07|58.22|58.22|58.22|58.22||0.19%
2019-10-08|57.91|57.91|57.91|57.91||-0.53%
2019-10-09|57.94|57.94|57.94|57.94||0.05%
2019-10-10|58.66|58.66|58.66|58.66||1.24%
2019-10-11|59.72|59.72|59.72|59.72||1.81%
2019-10-14|58.94|58.94|58.94|58.94||-1.31%
2019-10-15|58.86|58.86|58.86|58.86||-0.14%
2019-10-16|59|59|59|59||0.24%
2019-10-17|59.17|59.17|59.17|59.17||0.29%
2019-10-18|58.96|58.96|58.96|58.96||-0.35%
2019-10-21|58.87|58.87|58.87|58.87||-0.15%
2019-10-22|59.03|59.03|59.03|59.03||0.27%
2019-10-23|59.37|59.37|59.37|59.37||0.58%
2019-10-24|59.45|59.45|59.45|59.45||0.13%
2019-10-25|59.52|59.52|59.52|59.52||0.12%
2019-10-28|59.45|59.45|59.45|59.45||-0.12%
2019-10-29|59.41|59.41|59.41|59.41||-0.07%
2019-10-30|59.32|59.32|59.32|59.32||-0.15%
2019-10-31|59.37|59.37|59.37|59.37||0.08%
2019-11-01|60.54|60.54|60.54|60.54||1.97%
2019-11-04|60.89|60.89|60.89|60.89||0.58%
2019-11-05|61.49|61.49|61.49|61.49||0.99%
2019-11-06|60.56|60.56|60.56|60.56||-1.51%
2019-11-07|61.1|61.1|61.1|61.1||0.89%
2019-11-08|61.28|61.28|61.28|61.28||0.29%
2019-11-11|61.09|61.09|61.09|61.09||-0.31%
2019-11-12|61.29|61.29|61.29|61.29||0.33%
2019-11-13|61.52|61.52|61.52|61.52||0.38%
2019-11-14|61.44|61.44|61.44|61.44||-0.13%
2019-11-15|61.94|61.94|61.94|61.94||0.81%
2019-11-18|61.56|61.56|61.56|61.56||-0.61%
2019-11-19|60.98|60.98|60.98|60.98||-0.94%
2019-11-20|61.6|61.6|61.6|61.6||1.02%
2019-11-21|62.07|62.07|62.07|62.07||0.76%
2019-11-22|61.9|61.9|61.9|61.9||-0.27%
2019-11-25|61.94|61.94|61.94|61.94||0.06%
2019-11-26|61.95|61.95|61.95|61.95||0.02%
2019-11-27|61.95|61.95|61.95|61.95||0.00%
2019-11-29|61.97|61.97|61.97|61.97||0.03%
2019-12-02|60.41|60.41|60.41|60.41||-2.52%
2019-12-03|60.46|60.46|60.46|60.46||0.08%
2019-12-04|62.52|62.52|62.52|62.52||3.41%
2019-12-05|62.82|62.82|62.82|62.82||0.48%
2019-12-06|63.43|63.43|63.43|63.43||0.97%
2019-12-09|63.34|63.34|63.34|63.34||-0.14%
2019-12-10|63.5|63.5|63.5|63.5||0.25%
2019-12-11|62.98|62.98|62.98|62.98||-0.82%
2019-12-12|63.46|63.46|63.46|63.46||0.76%
2019-12-13|64.12|64.12|64.12|64.12||1.04%
2019-12-16|64.19|64.19|64.19|64.19||0.11%
2019-12-17|64.53|64.53|64.53|64.53||0.53%
2019-12-18|64.54|64.54|64.54|64.54||0.02%
2019-12-19|64.7|64.7|64.7|64.7||0.25%
2019-12-20|64.63|64.63|64.63|64.63||-0.11%
2019-12-23|64.65|64.65|64.65|64.65||0.03%
2019-12-24|64.79|64.79|64.79|64.79||0.22%
2019-12-26|64.83|64.83|64.83|64.83||0.06%
2019-12-27|64.82|64.82|64.82|64.82||-0.02%
2019-12-30|64.85|64.85|64.85|64.85||0.05%
2019-12-31|64.89|64.89|64.89|64.89||0.06%
2020-01-02|65.44|65.44|65.44|65.44||0.85%
2020-01-03|67.83|67.83|67.83|67.83||3.65%
2020-01-06|68.28|68.28|68.28|68.28||0.66%
2020-01-07|67.92|67.92|67.92|67.92||-0.53%
2020-01-08|66|66|66|66||-2.83%
2020-01-09|66.15|66.15|66.15|66.15||0.23%
2020-01-10|66.07|66.07|66.07|66.07||-0.12%
2020-01-13|65.72|65.72|65.72|65.72||-0.53%
2020-01-14|65.84|65.84|65.84|65.84||0.18%
2020-01-15|65.49|65.49|65.49|65.49||-0.53%
2020-01-16|65.74|65.74|65.74|65.74||0.38%
2020-01-17|65.75|65.75|65.75|65.75||0.02%
2020-01-21|65.59|65.59|65.59|65.59||-0.24%
2020-01-22|65.26|65.26|65.26|65.26||-0.50%
2020-01-23|64.94|64.94|64.94|64.94||-0.49%
2020-01-24|64.64|64.64|64.64|64.64||-0.46%
2020-01-27|64.37|64.37|64.37|64.37||-0.42%
2020-01-28|64.34|64.34|64.34|64.34||-0.05%
2020-01-29|64.37|64.37|64.37|64.37||0.05%
2020-01-30|64.17|64.17|64.17|64.17||-0.31%
2020-01-31|64.29|64.29|64.29|64.29||0.19%
2020-02-03|53.5|53.5|53.5|53.5||-16.78%
2020-02-04|53.11|53.11|53.11|53.11||-0.73%
2020-02-05|54.53|54.53|54.53|54.53||2.67%
2020-02-06|54.36|54.36|54.36|54.36||-0.31%
2020-02-07|54.08|54.08|54.08|54.08||-0.52%
2020-02-10|53|53|53|53||-2.00%
2020-02-11|53.49|53.49|53.49|53.49||0.92%
2020-02-12|54.59|54.59|54.59|54.59||2.06%
2020-02-13|54.96|54.96|54.96|54.96||0.68%
2020-02-14|55.34|55.34|55.34|55.34||0.69%
2020-02-18|55.15|55.15|55.15|55.15||-0.34%
2020-02-19|55.65|55.65|55.65|55.65||0.91%
2020-02-20|55.54|55.54|55.54|55.54||-0.20%
2020-02-21|55.27|55.27|55.27|55.27||-0.49%
2020-02-24|54.68|54.68|54.68|54.68||-1.07%
2020-02-25|54.54|54.54|54.54|54.54||-0.26%
2020-02-26|54.33|54.33|54.33|54.33||-0.39%
2020-02-27|54.25|54.25|54.25|54.25||-0.15%
2020-02-28|54.22|54.22|54.22|54.22||-0.06%
2020-03-02|50.95|50.95|50.95|50.95||-6.03%
2020-03-03|50.93|50.93|50.93|50.93||-0.04%
2020-03-04|50.48|50.48|50.48|50.48||-0.88%
2020-03-05|49.72|49.72|49.72|49.72||-1.51%
2020-03-06|45.71|45.71|45.71|45.71||-8.07%
2020-03-09|36.26|36.26|36.26|36.26||-20.67%
2020-03-10|38.14|38.14|38.14|38.14||5.18%
2020-03-11|37.62|37.62|37.62|37.62||-1.36%
2020-03-12|36.31|36.31|36.31|36.31||-3.48%
2020-03-13|36.96|36.96|36.96|36.96||1.79%
2020-03-16|35.45|35.45|35.45|35.45||-4.09%
2020-03-17|35.27|35.27|35.27|35.27||-0.51%
2020-03-18|33.61|33.61|33.61|33.61||-4.71%
2020-03-19|34.59|34.59|34.59|34.59||2.92%
2020-03-20|34.05|34.05|34.05|34.05||-1.56%
2020-03-23|33.96|33.96|33.96|33.96||-0.26%
2020-03-24|33.99|33.99|33.99|33.99||0.09%
2020-03-25|34.15|34.15|34.15|34.15||0.47%
2020-03-26|34.07|34.07|34.07|34.07||-0.23%
2020-03-27|33.91|33.91|33.91|33.91||-0.47%
2020-03-30|33.84|33.84|33.84|33.84||-0.21%
2020-03-31|33.7|33.7|33.7|33.7||-0.41%
2020-04-01|22.46|22.46|22.46|22.46||-33.35%
2020-04-02|26.16|26.16|26.16|26.16||16.47%
2020-04-03|29.39|29.39|29.39|29.39||12.35%
2020-04-06|27.45|27.45|27.45|27.45||-6.60%
2020-04-07|26|26|26|26||-5.28%
2020-04-08|26.16|26.16|26.16|26.16||0.62%
2020-04-09|23.26|23.26|23.26|23.26||-11.09%
2020-04-13|24.74|24.74|24.74|24.74||6.36%
2020-04-14|21.96|21.96|21.96|21.96||-11.24%
2020-04-15|21.46|21.46|21.46|21.46||-2.28%
2020-04-16|21.71|21.71|21.71|21.71||1.16%
2020-04-17|22.23|22.23|22.23|22.23||2.40%
2020-04-20|21.47|21.47|21.47|21.47||-3.42%
2020-04-21|19.07|19.07|19.07|19.07||-11.18%
2020-04-22|20|20|20|20||4.88%
2020-04-23|20.45|20.45|20.45|20.45||2.25%
2020-04-24|20.45|20.45|20.45|20.45||0.00%
2020-04-27|20.37|20.37|20.37|20.37||-0.39%
2020-04-28|20.41|20.41|20.41|20.41||0.20%
2020-04-29|20.38|20.38|20.38|20.38||-0.15%
2020-04-30|20.39|20.39|20.39|20.39||0.05%
2020-05-01|25.3|25.3|25.3|25.3||24.08%
2020-05-04|26.2|26.2|26.2|26.2||3.56%
2020-05-05|28.94|28.94|28.94|28.94||10.46%
2020-05-06|27.35|27.35|27.35|27.35||-5.49%
2020-05-07|27.14|27.14|27.14|27.14||-0.77%
2020-05-08|28.54|28.54|28.54|28.54||5.16%
2020-05-11|27.27|27.27|27.27|27.27||-4.45%
2020-05-12|26.81|26.81|26.81|26.81||-1.69%
2020-05-13|26.68|26.68|26.68|26.68||-0.48%
2020-05-14|29.2|29.2|29.2|29.2||9.45%
2020-05-15|29.8|29.8|29.8|29.8||2.05%
2020-05-18|30.55|30.55|30.55|30.55||2.51%
2020-05-19|30.42|30.42|30.42|30.42||-0.42%
2020-05-20|30.57|30.57|30.57|30.57||0.49%
2020-05-21|30.62|30.62|30.62|30.62||0.18%
2020-05-22|30.34|30.34|30.34|30.34||-0.92%
2020-05-26|30.59|30.59|30.59|30.59||0.82%
2020-05-27|30.43|30.43|30.43|30.43||-0.53%
2020-05-28|30.51|30.51|30.51|30.51||0.28%
2020-05-29|30.47|30.47|30.47|30.47||-0.15%
2020-06-01|38.32|38.32|38.32|38.32||25.77%
2020-06-02|39.17|39.17|39.17|39.17||2.23%
2020-06-03|39.26|39.26|39.26|39.26||0.21%
2020-06-04|39.15|39.15|39.15|39.15||-0.27%
2020-06-05|41.32|41.32|41.32|41.32||5.53%
2020-06-08|40.69|40.69|40.69|40.69||-1.51%
2020-06-09|40.82|40.82|40.82|40.82||0.31%
2020-06-10|41.52|41.52|41.52|41.52||1.72%
2020-06-11|39.44|39.44|39.44|39.44||-5.01%
2020-06-12|39.5|39.5|39.5|39.5||0.15%
2020-06-15|39.85|39.85|39.85|39.85||0.89%
2020-06-16|40.28|40.28|40.28|40.28||1.08%
2020-06-17|40.23|40.23|40.23|40.23||-0.14%
2020-06-18|40.63|40.63|40.63|40.63||1.00%
2020-06-19|41.07|41.07|41.07|41.07||1.09%
2020-06-22|41.12|41.12|41.12|41.12||0.12%
2020-06-23|41.04|41.04|41.04|41.04||-0.20%
2020-06-24|40.64|40.64|40.64|40.64||-0.97%
2020-06-25|40.78|40.78|40.78|40.78||0.35%
2020-06-26|40.81|40.81|40.81|40.81||0.05%
2020-06-29|40.8|40.8|40.8|40.8||-0.02%
2020-06-30|40.79|40.79|40.79|40.79||-0.01%
2020-07-01|42.26|42.26|42.26|42.26||3.60%
2020-07-02|43.2|43.2|43.2|43.2||2.23%
2020-07-06|42.89|42.89|42.89|42.89||-0.72%
2020-07-07|43.09|43.09|43.09|43.09||0.46%
2020-07-08|43.29|43.29|43.29|43.29||0.47%
2020-07-09|42.79|42.79|42.79|42.79||-1.16%
2020-07-10|43.4|43.4|43.4|43.4||1.43%
2020-07-13|43.1|43.1|43.1|43.1||-0.70%
2020-07-14|43.22|43.22|43.22|43.22||0.28%
2020-07-15|43.78|43.78|43.78|43.78||1.31%
2020-07-16|43.3|43.3|43.3|43.3||-1.10%
2020-07-17|43|43|43|43||-0.70%
2020-07-20|43.05|43.05|43.05|43.05||0.13%
2020-07-21|43.58|43.58|43.58|43.58||1.22%
2020-07-22|43.62|43.62|43.62|43.62||0.08%
2020-07-23|43.3|43.3|43.3|43.3||-0.72%
2020-07-24|43.28|43.28|43.28|43.28||-0.04%
2020-07-27|43.33|43.33|43.33|43.33||0.11%
2020-07-28|43.28|43.28|43.28|43.28||-0.12%
2020-07-29|43.29|43.29|43.29|43.29||0.03%
2020-07-30|43.28|43.28|43.28|43.28||-0.04%
2020-07-31|42.54|42.54|42.54|42.54||-1.70%
2020-08-03|43.39|43.39|43.39|43.39||1.98%
2020-08-04|43.4|43.4|43.4|43.4||0.02%
2020-08-05|43.88|43.88|43.88|43.88||1.11%
2020-08-06|43.61|43.61|43.61|43.61||-0.60%
2020-08-07|43.33|43.33|43.33|43.33||-0.64%
2020-08-10|43.78|43.78|43.78|43.78||1.03%
2020-08-11|43.38|43.38|43.38|43.38||-0.92%
2020-08-12|43.97|43.97|43.97|43.97||1.36%
2020-08-13|43.59|43.59|43.59|43.59||-0.87%
2020-08-14|43.39|43.39|43.39|43.39||-0.45%
2020-08-17|43.78|43.78|43.78|43.78||0.89%
2020-08-18|43.96|43.96|43.96|43.96||0.42%
2020-08-19|43.96|43.96|43.96|43.96||-0.01%
2020-08-20|43.78|43.78|43.78|43.78||-0.39%
2020-08-21|43.69|43.69|43.69|43.69||-0.21%
2020-08-24|43.91|43.91|43.91|43.91||0.50%
2020-08-25|44|44|44|44||0.20%
2020-08-26|43.96|43.96|43.96|43.96||-0.09%
2020-08-27|43.96|43.96|43.96|43.96||0.00%
2020-08-28|43.94|43.94|43.94|43.94||-0.05%
2020-08-31|43.99|43.99|43.99|43.99||0.10%
2020-09-01|44.85|44.85|44.85|44.85||1.95%
2020-09-02|43.83|43.83|43.83|43.83||-2.27%
2020-09-03|43.61|43.61|43.61|43.61||-0.50%
2020-09-04|42.61|42.61|42.61|42.61||-2.29%
2020-09-08|40.2|40.2|40.2|40.2||-5.67%
2020-09-09|40.78|40.78|40.78|40.78||1.44%
2020-09-10|40.25|40.25|40.25|40.25||-1.29%
2020-09-11|40.24|40.24|40.24|40.24||-0.01%
2020-09-14|40.15|40.15|40.15|40.15||-0.23%
2020-09-15|40.69|40.69|40.69|40.69||1.34%
2020-09-16|41.58|41.58|41.58|41.58||2.18%
2020-09-17|42.02|42.02|42.02|42.02||1.06%
2020-09-18|42.01|42.01|42.01|42.01||-0.02%
2020-09-21|41.41|41.41|41.41|41.41||-1.43%
2020-09-22|41.5|41.5|41.5|41.5||0.21%
2020-09-23|41.49|41.49|41.49|41.49||-0.02%
2020-09-24|41.56|41.56|41.56|41.56||0.19%
2020-09-25|41.6|41.6|41.6|41.6||0.09%
2020-09-28|41.62|41.62|41.62|41.62||0.05%
2020-09-29|41.53|41.53|41.53|41.53||-0.22%
2020-09-30|41.49|41.49|41.49|41.49||-0.09%
2020-10-01|40.3|40.3|40.3|40.3||-2.87%
2020-10-02|38.48|38.48|38.48|38.48||-4.53%
2020-10-05|40.42|40.42|40.42|40.42||5.04%
2020-10-06|41.56|41.56|41.56|41.56||2.83%
2020-10-07|40.98|40.98|40.98|40.98||-1.41%
2020-10-08|41.88|41.88|41.88|41.88||2.19%
2020-10-09|41.48|41.48|41.48|41.48||-0.94%
2020-10-12|40.78|40.78|40.78|40.78||-1.69%
2020-10-13|41.24|41.24|41.24|41.24||1.13%
2020-10-14|41.78|41.78|41.78|41.78||1.31%
2020-10-15|41.65|41.65|41.65|41.65||-0.31%
2020-10-16|41.48|41.48|41.48|41.48||-0.40%
2020-10-19|41.37|41.37|41.37|41.37||-0.26%
2020-10-20|41.59|41.59|41.59|41.59||0.52%
2020-10-21|41.07|41.07|41.07|41.07||-1.26%
2020-10-22|41.31|41.31|41.31|41.31||0.58%
2020-10-23|41.14|41.14|41.14|41.14||-0.40%
2020-10-26|40.89|40.89|40.89|40.89||-0.62%
2020-10-27|40.98|40.98|40.98|40.98||0.23%
2020-10-28|40.75|40.75|40.75|40.75||-0.56%
2020-10-29|40.68|40.68|40.68|40.68||-0.17%
2020-10-30|40.66|40.66|40.66|40.66||-0.05%
2020-11-02|38.36|38.36|38.36|38.36||-5.67%
2020-11-03|39.16|39.16|39.16|39.16||2.11%
2020-11-04|40.55|40.55|40.55|40.55||3.54%
2020-11-05|40.14|40.14|40.14|40.14||-1.00%
2020-11-06|39.28|39.28|39.28|39.28||-2.14%
2020-11-09|41.4|41.4|41.4|41.4||5.40%
2020-11-10|42.19|42.19|42.19|42.19||1.90%
2020-11-11|42.36|42.36|42.36|42.36||0.39%
2020-11-12|42.37|42.37|42.37|42.37||0.03%
2020-11-13|41.87|41.87|41.87|41.87||-1.17%
2020-11-16|42.52|42.52|42.52|42.52||1.55%
2020-11-17|42.49|42.49|42.49|42.49||-0.08%
2020-11-18|42.69|42.69|42.69|42.69||0.48%
2020-11-19|42.6|42.6|42.6|42.6||-0.22%
2020-11-20|42.84|42.84|42.84|42.84||0.57%
2020-11-23|43.08|43.08|43.08|43.08||0.55%
2020-11-24|43.4|43.4|43.4|43.4||0.74%
2020-11-25|43.52|43.52|43.52|43.52||0.29%
2020-11-27|43.44|43.44|43.44|43.44||-0.19%
2020-11-30|43.39|43.39|43.39|43.39||-0.10%
2020-12-01|46.96|46.96|46.96|46.96||8.22%
2020-12-02|47.67|47.67|47.67|47.67||1.51%
2020-12-03|48.04|48.04|48.04|48.04||0.78%
2020-12-04|48.35|48.35|48.35|48.35||0.65%
2020-12-07|48.23|48.23|48.23|48.23||-0.26%
2020-12-08|48.28|48.28|48.28|48.28||0.12%
2020-12-09|48.42|48.42|48.42|48.42||0.28%
2020-12-10|49.29|49.29|49.29|49.29||1.80%
2020-12-11|49.22|49.22|49.22|49.22||-0.13%
2020-12-14|49.46|49.46|49.46|49.46||0.48%
2020-12-15|49.81|49.81|49.81|49.81||0.72%
2020-12-16|49.96|49.96|49.96|49.96||0.30%
2020-12-17|50.08|50.08|50.08|50.08||0.23%
2020-12-18|50.34|50.34|50.34|50.34||0.53%
2020-12-21|49.86|49.86|49.86|49.86||-0.96%
2020-12-22|49.57|49.57|49.57|49.57||-0.58%
2020-12-23|49.81|49.81|49.81|49.81||0.49%
2020-12-24|49.84|49.84|49.84|49.84||0.04%
2020-12-28|49.77|49.77|49.77|49.77||-0.13%
2020-12-29|49.78|49.78|49.78|49.78||0.01%
2020-12-30|49.82|49.82|49.82|49.82||0.07%
2020-12-31|49.81|49.81|49.81|49.81||0.00%
2021-01-04|50.61|50.61|50.61|50.61||1.60%
2021-01-05|52.84|52.84|52.84|52.84||4.40%
2021-01-06|53.63|53.63|53.63|53.63||1.50%
2021-01-07|53.78|53.78|53.78|53.78||0.28%
2021-01-08|55.06|55.06|55.06|55.06||2.37%
2021-01-11|54.78|54.78|54.78|54.78||-0.51%
2021-01-12|55.37|55.37|55.37|55.37||1.08%
2021-01-13|54.96|54.96|54.96|54.96||-0.73%
2021-01-14|55.17|55.17|55.17|55.17||0.37%
2021-01-15|54.53|54.53|54.53|54.53||-1.15%
2021-01-19|54.89|54.89|54.89|54.89||0.66%
2021-01-20|54.97|54.97|54.97|54.97||0.14%
2021-01-21|54.95|54.95|54.95|54.95||-0.02%
2021-01-22|54.76|54.76|54.76|54.76||-0.35%
2021-01-25|54.87|54.87|54.87|54.87||0.20%
2021-01-26|54.82|54.82|54.82|54.82||-0.08%
2021-01-27|54.81|54.81|54.81|54.81||-0.02%
2021-01-28|54.76|54.76|54.76|54.76||-0.09%
2021-01-29|54.77|54.77|54.77|54.77||0.02%
2021-02-01|55.66|55.66|55.66|55.66||1.62%
2021-02-02|56.71|56.71|56.71|56.71||1.88%
2021-02-03|57.69|57.69|57.69|57.69||1.73%
2021-02-04|57.97|57.97|57.97|57.97||0.48%
2021-02-05|58.4|58.4|58.4|58.4||0.74%
2021-02-08|59.36|59.36|59.36|59.36||1.65%
2021-02-09|59.63|59.63|59.63|59.63||0.45%
2021-02-10|59.69|59.69|59.69|59.69||0.10%
2021-02-11|59.56|59.56|59.56|59.56||-0.23%
2021-02-12|60.23|60.23|60.23|60.23||1.13%
2021-02-16|60.6|60.6|60.6|60.6||0.61%
2021-02-17|60.89|60.89|60.89|60.89||0.48%
2021-02-18|60.59|60.59|60.59|60.59||-0.49%
2021-02-19|60.2|60.2|60.2|60.2||-0.66%
2021-02-22|60.62|60.62|60.62|60.62||0.70%
2021-02-23|60.63|60.63|60.63|60.63||0.02%
2021-02-24|60.81|60.81|60.81|60.81||0.29%
2021-02-25|60.84|60.84|60.84|60.84||0.04%
2021-02-26|60.85|60.85|60.85|60.85||0.03%
2021-03-01|62.28|62.28|62.28|62.28||2.34%
2021-03-02|61.33|61.33|61.33|61.33||-1.53%
2021-03-03|62.55|62.55|62.55|62.55||2.00%
2021-03-04|64.8|64.8|64.8|64.8||3.59%
2021-03-05|66.89|66.89|66.89|66.89||3.23%
2021-03-08|65.84|65.84|65.84|65.84||-1.58%
2021-03-09|65.37|65.37|65.37|65.37||-0.70%
2021-03-10|65.54|65.54|65.54|65.54||0.26%
2021-03-11|66.65|66.65|66.65|66.65||1.69%
2021-03-12|66.5|66.5|66.5|66.5||-0.22%
2021-03-15|66.38|66.38|66.38|66.38||-0.19%
2021-03-16|66.05|66.05|66.05|66.05||-0.49%
2021-03-17|65.77|65.77|65.77|65.77||-0.43%
2021-03-18|63.9|63.9|63.9|63.9||-2.84%
2021-03-19|64.57|64.57|64.57|64.57||1.05%
2021-03-22|64.71|64.71|64.71|64.71||0.21%
2021-03-23|63.72|63.72|63.72|63.72||-1.52%
2021-03-24|64.5|64.5|64.5|64.5||1.23%
2021-03-25|64.05|64.05|64.05|64.05||-0.71%
2021-03-26|64.43|64.43|64.43|64.43||0.61%
2021-03-29|64.42|64.42|64.42|64.42||-0.02%
2021-03-30|64.41|64.41|64.41|64.41||-0.02%
2021-03-31|64.41|64.41|64.41|64.41||0.01%
2021-04-01|63.27|63.27|63.27|63.27||-1.78%
2021-04-05|60.71|60.71|60.71|60.71||-4.05%
2021-04-06|60.96|60.96|60.96|60.96||0.41%
2021-04-07|61.46|61.46|61.46|61.46||0.82%
2021-04-08|61.47|61.47|61.47|61.47||0.02%
2021-04-09|61.19|61.19|61.19|61.19||-0.45%
2021-04-12|61.3|61.3|61.3|61.3||0.19%
2021-04-13|61.53|61.53|61.53|61.53||0.37%
2021-04-14|63.26|63.26|63.26|63.26||2.82%
2021-04-15|63.48|63.48|63.48|63.48||0.34%
2021-04-16|63.42|63.42|63.42|63.42||-0.10%
2021-04-19|63.47|63.47|63.47|63.47||0.09%
2021-04-20|63.23|63.23|63.23|63.23||-0.39%
2021-04-21|62.71|62.71|62.71|62.71||-0.81%
2021-04-22|62.68|62.68|62.68|62.68||-0.05%
2021-04-23|62.8|62.8|62.8|62.8||0.19%
2021-04-26|62.62|62.62|62.62|62.62||-0.30%
2021-04-27|62.75|62.75|62.75|62.75||0.21%
2021-04-28|62.81|62.81|62.81|62.81||0.11%
2021-04-29|62.9|62.9|62.9|62.9||0.13%
2021-04-30|62.89|62.89|62.89|62.89||0.00%
2021-05-03|65.03|65.03|65.03|65.03||3.39%
2021-05-04|66.35|66.35|66.35|66.35||2.03%
2021-05-05|66.65|66.65|66.65|66.65||0.47%
2021-05-06|66.01|66.01|66.01|66.01||-0.97%
2021-05-07|66.15|66.15|66.15|66.15||0.21%
2021-05-10|66.2|66.2|66.2|66.2||0.09%
2021-05-11|66.32|66.32|66.32|66.32||0.18%
2021-05-12|66.77|66.77|66.77|66.77||0.68%
2021-05-13|65.42|65.42|65.42|65.42||-2.02%
2021-05-14|66.33|66.33|66.33|66.33||1.39%
2021-05-17|66.82|66.82|66.82|66.82||0.74%
2021-05-18|66.64|66.64|66.64|66.64||-0.27%
2021-05-19|65.92|65.92|65.92|65.92||-1.09%
2021-05-20|65.39|65.39|65.39|65.39||-0.79%
2021-05-21|65.73|65.73|65.73|65.73||0.51%
2021-05-24|66.26|66.26|66.26|66.26||0.82%
2021-05-25|66.3|66.3|66.3|66.3||0.06%
2021-05-26|66.33|66.33|66.33|66.33||0.05%
2021-05-27|66.32|66.32|66.32|66.32||-0.03%
2021-05-28|66.28|66.28|66.28|66.28||-0.06%
2021-06-01|68.49|68.49|68.49|68.49||3.34%
2021-06-02|69.5|69.5|69.5|69.5||1.47%
2021-06-03|69.47|69.47|69.47|69.47||-0.04%
2021-06-04|70.03|70.03|70.03|70.03||0.81%
2021-06-07|69.84|69.84|69.84|69.84||-0.27%
2021-06-08|70.36|70.36|70.36|70.36||0.75%
2021-06-09|70.34|70.34|70.34|70.34||-0.03%
2021-06-10|70.52|70.52|70.52|70.52||0.25%
2021-06-11|70.61|70.61|70.61|70.61||0.13%
2021-06-14|70.78|70.78|70.78|70.78||0.24%
2021-06-15|71.39|71.39|71.39|71.39||0.86%
2021-06-16|71.56|71.56|71.56|71.56||0.24%
2021-06-17|70.94|70.94|70.94|70.94||-0.87%
2021-06-18|71.07|71.07|71.07|71.07||0.19%
2021-06-21|71.48|71.48|71.48|71.48||0.57%
2021-06-22|71.41|71.41|71.41|71.41||-0.09%
2021-06-23|71.52|71.52|71.52|71.52||0.15%
2021-06-24|71.6|71.6|71.6|71.6||0.11%
2021-06-25|71.65|71.65|71.65|71.65||0.08%
2021-06-28|71.54|71.54|71.54|71.54||-0.16%
2021-06-29|71.57|71.57|71.57|71.57||0.05%
2021-06-30|71.57|71.57|71.57|71.57||0.00%
2021-07-01|73.88|73.88|73.88|73.88||3.23%
2021-07-02|74.23|74.23|74.23|74.23||0.48%
2021-07-06|72.93|72.93|72.93|72.93||-1.76%
2021-07-07|72.08|72.08|72.08|72.08||-1.16%
2021-07-08|72.58|72.58|72.58|72.58||0.68%
2021-07-09|73.72|73.72|73.72|73.72||1.57%
2021-07-12|73.54|73.54|73.54|73.54||-0.24%
2021-07-13|74.36|74.36|74.36|74.36||1.12%
2021-07-14|73.48|73.48|73.48|73.48||-1.18%
2021-07-15|72.83|72.83|72.83|72.83||-0.89%
2021-07-16|72.92|72.92|72.92|72.92||0.12%
2021-07-19|71.01|71.01|71.01|71.01||-2.62%
2021-07-20|71.28|71.28|71.28|71.28||0.39%
2021-07-21|72.28|72.28|72.28|72.28||1.40%
2021-07-22|72.81|72.81|72.81|72.81||0.73%
2021-07-23|72.87|72.87|72.87|72.87||0.08%
2021-07-26|72.83|72.83|72.83|72.83||-0.05%
2021-07-27|72.81|72.81|72.81|72.81||-0.03%
2021-07-28|72.81|72.81|72.81|72.81||0.00%
2021-07-29|72.89|72.89|72.89|72.89||0.11%
2021-07-30|72.9|72.9|72.9|72.9||0.01%
2021-08-02|71.37|71.37|71.37|71.37||-2.10%
2021-08-03|70.95|70.95|70.95|70.95||-0.60%
2021-08-04|69.39|69.39|69.39|69.39||-2.20%
2021-08-05|70.22|70.22|70.22|70.22||1.21%
2021-08-06|69.74|69.74|69.74|69.74||-0.68%
2021-08-09|68.49|68.49|68.49|68.49||-1.79%
2021-08-10|69.71|69.71|69.71|69.71||1.78%
2021-08-11|70.42|70.42|70.42|70.42||1.02%
2021-08-12|70.44|70.44|70.44|70.44||0.02%
2021-08-13|70.05|70.05|70.05|70.05||-0.55%
2021-08-16|69.53|69.53|69.53|69.53||-0.75%
2021-08-17|69.33|69.33|69.33|69.33||-0.28%
2021-08-18|68.95|68.95|68.95|68.95||-0.56%
2021-08-19|68.03|68.03|68.03|68.03||-1.33%
2021-08-20|67.6|67.6|67.6|67.6||-0.63%
2021-08-23|68.76|68.76|68.76|68.76||1.72%
2021-08-24|69.31|69.31|69.31|69.31||0.80%
2021-08-25|69.45|69.45|69.45|69.45||0.21%
2021-08-26|69.24|69.24|69.24|69.24||-0.31%
2021-08-27|69.44|69.44|69.44|69.44||0.29%
2021-08-30|69.46|69.46|69.46|69.46||0.03%
2021-08-31|69.49|69.49|69.49|69.49||0.03%
2021-09-01|69.92|69.92|69.92|69.92||0.63%
2021-09-02|71.22|71.22|71.22|71.22||1.85%
2021-09-03|70.64|70.64|70.64|70.64||-0.81%
2021-09-07|69.71|69.71|69.71|69.71||-1.32%
2021-09-08|70.38|70.38|70.38|70.38||0.96%
2021-09-09|69.63|69.63|69.63|69.63||-1.06%
2021-09-10|70.7|70.7|70.7|70.7||1.54%
2021-09-13|71.11|71.11|71.11|71.11||0.58%
2021-09-14|71.19|71.19|71.19|71.19||0.12%
2021-09-15|72.09|72.09|72.09|72.09||1.26%
2021-09-16|72.07|72.07|72.07|72.07||-0.02%
2021-09-17|71.92|71.92|71.92|71.92||-0.22%
2021-09-20|71.36|71.36|71.36|71.36||-0.78%
2021-09-21|71.57|71.57|71.57|71.57||0.30%
2021-09-22|72.14|72.14|72.14|72.14||0.79%
2021-09-23|72.35|72.35|72.35|72.35||0.29%
2021-09-24|72.45|72.45|72.45|72.45||0.13%
2021-09-27|72.61|72.61|72.61|72.61||0.22%
2021-09-28|72.63|72.63|72.63|72.63||0.02%
2021-09-29|72.57|72.57|72.57|72.57||-0.08%
2021-09-30|72.61|72.61|72.61|72.61||0.05%
2021-10-01|76.77|76.77|76.77|76.77||5.73%
2021-10-04|78.52|78.52|78.52|78.52||2.29%
2021-10-05|79.71|79.71|79.71|79.71||1.51%
2021-10-06|78.69|78.69|78.69|78.69||-1.28%
2021-10-07|79.45|79.45|79.45|79.45||0.96%
2021-10-08|79.76|79.76|79.76|79.76||0.39%
2021-10-11|80.68|80.68|80.68|80.68||1.15%
2021-10-12|80.58|80.58|80.58|80.58||-0.12%
2021-10-13|80.45|80.45|80.45|80.45||-0.17%
2021-10-14|80.95|80.95|80.95|80.95||0.63%
2021-10-15|81.51|81.51|81.51|81.51||0.69%
2021-10-18|81.31|81.31|81.31|81.31||-0.24%
2021-10-19|81.61|81.61|81.61|81.61||0.37%
2021-10-20|81.81|81.81|81.81|81.81||0.24%
2021-10-21|81.44|81.44|81.44|81.44||-0.46%
2021-10-22|81.61|81.61|81.61|81.61||0.22%
2021-10-25|81.73|81.73|81.73|81.73||0.14%
2021-10-26|81.82|81.82|81.82|81.82||0.11%
2021-10-27|81.6|81.6|81.6|81.6||-0.27%
2021-10-28|81.55|81.55|81.55|81.55||-0.06%
2021-10-29|81.58|81.58|81.58|81.58||0.04%
2021-11-01|82.38|82.38|82.38|82.38||0.98%
2021-11-02|82.54|82.54|82.54|82.54||0.18%
2021-11-03|80.16|80.16|80.16|80.16||-2.88%
2021-11-04|78.95|78.95|78.95|78.95||-1.51%
2021-11-05|80.94|80.94|80.94|80.94||2.52%
2021-11-08|81.62|81.62|81.62|81.62||0.84%
2021-11-09|82.58|82.58|82.58|82.58||1.18%
2021-11-10|81.27|81.27|81.27|81.27||-1.59%
2021-11-11|81.67|81.67|81.67|81.67||0.49%
2021-11-12|81.48|81.48|81.48|81.48||-0.23%
2021-11-15|81.41|81.41|81.41|81.41||-0.09%
2021-11-16|81.67|81.67|81.67|81.67||0.32%
2021-11-17|80.76|80.76|80.76|80.76||-1.11%
2021-11-18|81.11|81.11|81.11|81.11||0.43%
2021-11-19|80.33|80.33|80.33|80.33||-0.96%
2021-11-22|80.55|80.55|80.55|80.55||0.27%
2021-11-23|81.22|81.22|81.22|81.22||0.83%
2021-11-24|81.2|81.2|81.2|81.2||-0.02%
2021-11-26|80.08|80.08|80.08|80.08||-1.38%
2021-11-29|80.31|80.31|80.31|80.31||0.28%
2021-11-30|80.28|80.28|80.28|80.28||-0.04%
2021-12-01|67.73|67.73|67.73|67.73||-15.62%
2021-12-02|68.62|68.62|68.62|68.62||1.30%
2021-12-03|68.91|68.91|68.91|68.91||0.43%
2021-12-06|71.65|71.65|71.65|71.65||3.98%
2021-12-07|73.54|73.54|73.54|73.54||2.64%
2021-12-08|73.69|73.69|73.69|73.69||0.21%
2021-12-09|72.72|72.72|72.72|72.72||-1.32%
2021-12-10|73.19|73.19|73.19|73.19||0.65%
2021-12-13|72.71|72.71|72.71|72.71||-0.66%
2021-12-14|72.22|72.22|72.22|72.22||-0.67%
2021-12-15|72.38|72.38|72.38|72.38||0.22%
2021-12-16|73.02|73.02|73.02|73.02||0.88%
2021-12-17|72.43|72.43|72.43|72.43||-0.81%
2021-12-20|71.65|71.66|71.66|71.66||-1.07%
2021-12-21|72.42|72.42|72.42|72.42||1.07%
2021-12-22|72.71|72.71|72.71|72.71||0.39%
2021-12-23|72.99|72.99|72.99|72.99||0.39%
2021-12-27|73.2|73.2|73.2|73.2||0.29%
2021-12-28|73.16|73.16|73.16|73.16||-0.05%
2021-12-29|73.21|73.21|73.21|73.21||0.06%
2021-12-30|73.2|73.2|73.2|73.2||-0.01%
2021-12-31|73.19|73.19|73.19|73.19||-0.01%
2022-01-03|77.03|77.03|77.03|77.03||5.25%
2022-01-04|78.03|78.03|78.03|78.03||1.30%
2022-01-05|78.81|78.81|78.81|78.81||1.00%
2022-01-06|79.69|79.69|79.69|79.69||1.12%
2022-01-07|79.53|79.53|79.53|79.53||-0.20%
2022-01-10|78.89|78.89|78.89|78.89||-0.80%
2022-01-11|80.79|80.79|80.79|80.79||2.41%
2022-01-12|81.34|81.34|81.34|81.34||0.68%
2022-01-13|81.3|81.3|81.3|81.3||-0.05%
2022-01-14|82.27|82.27|82.27|82.27||1.19%
2022-01-18|83.22|83.22|83.22|83.22||1.15%
2022-01-19|83.56|83.56|83.56|83.56||0.41%
2022-01-20|83.5|83.5|83.5|83.5||-0.07%
2022-01-21|83.29|83.29|83.29|83.29||-0.25%
2022-01-24|82.87|82.87|82.87|82.87||-0.50%
2022-01-25|83.21|83.21|83.21|83.21||0.41%
2022-01-26|83.39|83.39|83.39|83.39||0.22%
2022-01-27|83.33|83.33|83.33|83.33||-0.07%
2022-01-28|83.36|83.36|83.36|83.36||0.04%
2022-01-31|83.45|83.45|83.45|83.45||0.11%
2022-02-01|87.42|87.42|87.42|87.42||4.76%
2022-02-02|87.77|87.77|87.77|87.77||0.40%
2022-02-03|89.16|89.16|89.16|89.16||1.58%
2022-02-04|91.06|91.06|91.06|91.06||2.13%
2022-02-07|90.76|90.76|90.76|90.76||-0.33%
2022-02-08|89.28|89.28|89.28|89.28||-1.63%
2022-02-09|89.88|89.88|89.88|89.88||0.67%
2022-02-10|89.92|89.92|89.92|89.92||0.04%
2022-02-11|91.79|91.79|91.79|91.79||2.08%
2022-02-14|92.61|92.61|92.61|92.61||0.89%
2022-02-15|90.86|90.86|90.86|90.86||-1.89%
2022-02-16|91.56|91.56|91.56|91.56||0.77%
2022-02-17|90.67|90.67|90.67|90.67||-0.97%
2022-02-18|90.9|90.9|90.9|90.9||0.25%
2022-02-22|91.84|91.84|91.84|91.84||1.04%
2022-02-23|91.7|91.7|91.7|91.7||-0.15%
2022-02-24|92.07|92.07|92.07|92.07||0.40%
2022-02-25|91.93|91.93|91.93|91.93||-0.16%
2022-02-28|92.34|92.34|92.34|92.34||0.45%
2022-03-01|102|102|102|102||10.47%
2022-03-02|109.4|109.4|109.4|109.4||7.25%
2022-03-03|106.58|106.58|106.58|106.58||-2.58%
2022-03-04|114.95|114.95|114.95|114.95||7.86%
2022-03-07|118.18|118.18|118.18|118.18||2.81%
2022-03-08|122.53|122.53|122.53|122.53||3.68%
2022-03-09|110.86|110.86|110.86|110.86||-9.53%
2022-03-10|110.2|110.2|110.2|110.2||-0.59%
2022-03-11|112.59|112.59|112.59|112.59||2.17%
2022-03-14|109.18|109.18|109.18|109.18||-3.03%
2022-03-15|105.76|105.76|105.76|105.76||-3.13%
2022-03-16|104.89|104.89|104.89|104.89||-0.83%
2022-03-17|108.78|108.78|108.78|108.78||3.71%
2022-03-18|108.99|108.99|108.99|108.99||0.19%
2022-03-21|111.73|111.73|111.73|111.73||2.52%
2022-03-22|111.43|111.43|111.43|111.43||-0.27%
2022-03-23|112.59|112.59|112.59|112.59||1.04%
2022-03-24|111.82|111.82|111.82|111.82||-0.68%
2022-03-25|112.1|112.1|112.1|112.1||0.25%
2022-03-28|110.84|110.84|110.84|110.84||-1.12%
2022-03-29|110.55|110.55|110.55|110.55||-0.26%
2022-03-30|110.89|110.89|110.89|110.89||0.31%
2022-03-31|110.89|110.89|110.89|110.89||0.00%
2022-04-01|101.85|101.85|101.85|101.85||-8.15%
2022-04-04|104.77|104.77|104.77|104.77||2.86%
2022-04-05|103.27|103.27|103.27|103.27||-1.43%
2022-04-06|98.81|98.81|98.81|98.81||-4.32%
2022-04-07|98.42|98.42|98.42|98.42||-0.39%
2022-04-08|99.72|99.72|99.72|99.72||1.31%
2022-04-11|97.02|97.02|97.02|97.02||-2.71%
2022-04-12|101.49|101.49|101.49|101.49||4.61%
2022-04-13|103.7|103.7|103.7|103.7||2.18%
2022-04-14|104.82|104.82|104.82|104.82||1.08%
2022-04-18|105.44|105.44|105.44|105.44||0.59%
2022-04-19|103.09|103.09|103.09|103.09||-2.22%
2022-04-20|103.12|103.12|103.12|103.12||0.02%
2022-04-21|103.85|103.85|103.85|103.85||0.71%
2022-04-22|103.43|103.43|103.43|103.43||-0.40%
2022-04-25|102.3|102.3|102.3|102.3||-1.09%
2022-04-26|102.69|102.69|102.69|102.69||0.39%
2022-04-27|102.69|102.69|102.69|102.69||0.00%
2022-04-28|102.76|102.76|102.76|102.76||0.07%
2022-04-29|102.79|102.79|102.79|102.79||0.02%
2022-05-02|103.86|103.86|103.86|103.86||1.04%
2022-05-03|103.39|103.39|103.39|103.39||-0.45%
2022-05-04|105.97|105.97|105.97|105.97||2.50%
2022-05-05|106.4|106.4|106.4|106.4||0.41%
2022-05-06|107.57|107.57|107.57|107.57||1.10%
2022-05-09|102.79|102.79|102.79|102.79||-4.44%
2022-05-10|100.43|100.43|100.43|100.43||-2.30%
2022-05-11|104.56|104.56|104.56|104.56||4.12%
2022-05-12|104.66|104.66|104.66|104.66||0.10%
2022-05-13|107.23|107.23|107.23|107.23||2.45%
2022-05-16|108.4|108.4|108.4|108.4||1.09%
2022-05-17|106.88|106.88|106.88|106.88||-1.40%
2022-05-18|105.53|105.53|105.53|105.53||-1.26%
2022-05-19|106.99|106.99|106.99|106.99||1.38%
2022-05-20|107.21|107.21|107.21|107.21||0.21%
2022-05-23|107.32|107.32|107.32|107.32||0.10%
2022-05-24|107.17|107.17|107.17|107.17||-0.14%
2022-05-25|107.17|107.17|107.17|107.17||0.00%
2022-05-26|107.64|107.64|107.64|107.64||0.44%
2022-05-27|107.75|107.75|107.75|107.75||0.11%
2022-05-31|108.13|108.13|108.13|108.13||0.35%
2022-06-01|110.91|110.91|110.91|110.91||2.57%
2022-06-02|112.02|112.02|112.02|112.02||1.01%
2022-06-03|113.83|113.83|113.83|113.83||1.62%
2022-06-06|114.01|114.01|114.01|114.01||0.16%
2022-06-07|115.29|115.29|115.29|115.29||1.12%
2022-06-08|117.5|117.5|117.5|117.5||1.92%
2022-06-09|117.09|117.09|117.09|117.09||-0.35%
2022-06-10|116.67|116.67|116.67|116.67||-0.36%
2022-06-13|116.64|116.64|116.64|116.64||-0.03%
2022-06-14|115.71|115.71|115.71|115.71||-0.80%
2022-06-15|114.35|114.35|114.35|114.35||-1.17%
2022-06-16|115.34|115.34|115.34|115.34||0.87%
2022-06-17|112.72|112.72|112.72|112.72||-2.27%
2022-06-21|113.34|113.34|113.34|113.34||0.55%
2022-06-22|112.34|112.34|112.34|112.34||-0.89%
2022-06-23|111.86|111.86|111.86|111.86||-0.43%
2022-06-24|112.3|112.3|112.3|112.3||0.39%
2022-06-27|112.7|112.7|112.7|112.7||0.36%
2022-06-28|113.11|113.11|113.11|113.11||0.36%
2022-06-29|113.02|113.02|113.02|113.02||-0.07%
2022-06-30|113.24|113.24|113.24|113.24||0.19%
2022-07-01|107.89|107.89|107.89|107.89||-4.73%
2022-07-05|100.73|100.73|100.73|100.73||-6.63%
2022-07-06|98.98|98.98|98.98|98.98||-1.74%
2022-07-07|102.02|102.02|102.02|102.02||3.07%
2022-07-08|104.22|104.22|104.22|104.22||2.16%
2022-07-11|104.28|104.28|104.28|104.28||0.05%
2022-07-12|99.14|99.14|99.14|99.14||-4.93%
2022-07-13|100|100|100|100||0.87%
2022-07-14|99.7|99.7|99.7|99.7||-0.30%
2022-07-15|101.03|101.03|101.03|101.03||1.34%
2022-07-18|103.58|103.58|103.58|103.58||2.52%
2022-07-19|103.78|103.78|103.78|103.78||0.19%
2022-07-20|103.54|103.54|103.54|103.54||-0.23%
2022-07-21|102.55|102.55|102.55|102.55||-0.96%
2022-07-22|102.32|102.32|102.32|102.32||-0.23%
2022-07-25|102.63|102.63|102.63|102.63||0.31%
2022-07-26|102.66|102.66|102.66|102.66||0.03%
2022-07-27|102.75|102.75|102.75|102.75||0.09%
2022-07-28|102.8|102.8|102.8|102.8||0.05%
2022-07-29|103.12|103.12|103.12|103.12||0.32%
2022-08-01|97.87|97.87|97.87|97.87||-5.09%
2022-08-02|99.4|99.4|99.4|99.4||1.56%
2022-08-03|95.97|95.97|95.97|95.97||-3.45%
2022-08-04|94.08|94.08|94.08|94.08||-1.97%
2022-08-05|94.41|94.41|94.41|94.41||0.35%
2022-08-08|96.04|96.04|96.04|96.04||1.73%
2022-08-09|95.97|95.97|95.97|95.97||-0.07%
2022-08-10|96.87|96.87|96.87|96.87||0.93%
2022-08-11|98.18|98.18|98.18|98.18||1.35%
2022-08-12|96.48|96.48|96.48|96.48||-1.73%
2022-08-15|94.97|94.97|94.97|94.97||-1.57%
2022-08-16|93.46|93.46|93.46|93.46||-1.59%
2022-08-17|94.04|94.04|94.04|94.04||0.62%
2022-08-18|95.18|95.18|95.18|95.18||1.21%
2022-08-19|95.39|95.39|95.39|95.39||0.22%
2022-08-22|95.39|95.39|95.39|95.39||0.00%
2022-08-23|96.41|96.41|96.41|96.41||1.07%
2022-08-24|96.46|96.46|96.46|96.46||0.05%
2022-08-25|96.23|96.23|96.23|96.23||-0.24%
2022-08-26|96.53|96.53|96.53|96.53||0.31%
2022-08-29|96.88|96.88|96.88|96.88||0.36%
2022-08-30|96.51|96.51|96.51|96.51||-0.39%
2022-08-31|96.6|96.6|96.6|96.6||0.10%
2022-09-01|92.08|92.08|92.08|92.08||-4.68%
2022-09-02|92.6|92.6|92.6|92.6||0.56%
2022-09-06|93.13|93.13|93.13|93.13||0.57%
2022-09-07|89.36|89.36|89.36|89.36||-4.05%
2022-09-08|90.17|90.17|90.17|90.17||0.91%
2022-09-09|92.78|92.78|92.78|92.78||2.89%
2022-09-12|93.36|93.36|93.36|93.36||0.63%
2022-09-13|92.51|92.51|92.51|92.51||-0.91%
2022-09-14|93.35|93.35|93.35|93.35||0.91%
2022-09-15|91.98|91.98|91.98|91.98||-1.47%
2022-09-16|92.26|92.26|92.26|92.26||0.30%
2022-09-19|92.46|92.46|92.46|92.46||0.22%
2022-09-20|91.9|91.9|91.9|91.9||-0.60%
2022-09-21|91.81|91.81|91.81|91.81||-0.10%
2022-09-22|92.18|92.18|92.18|92.18||0.39%
2022-09-23|91.02|91.02|91.02|91.02||-1.26%
2022-09-26|90.5|90.5|90.5|90.5||-0.57%
2022-09-27|90.72|90.72|90.72|90.72||0.24%
2022-09-28|90.9|90.91|90.91|90.91||0.20%
2022-09-29|90.81|90.81|90.81|90.81||-0.10%
2022-09-30|90.91|90.91|90.91|90.91||0.11%
2022-10-03|88.03|88.03|88.03|88.03||-3.17%
2022-10-04|90.9|90.9|90.9|90.9||3.27%
2022-10-05|92.12|92.12|92.12|92.12||1.34%
2022-10-06|92.98|92.98|92.98|92.98||0.93%
2022-10-07|95.8|95.8|95.8|95.8||3.03%
2022-10-10|94.42|94.42|94.42|94.42||-1.44%
2022-10-11|92.93|92.93|92.93|92.93||-1.57%
2022-10-12|91.58|91.58|91.58|91.58||-1.46%
2022-10-13|92.42|92.42|92.42|92.42||0.92%
2022-10-14|90.79|90.78|90.78|90.78||-1.77%
2022-10-17|90.71|90.71|90.71|90.71||-0.09%
2022-10-18|89.92|89.92|89.92|89.92||-0.87%
2022-10-19|90.53|90.53|90.53|90.53||0.68%
2022-10-20|90.54|90.54|90.54|90.54||0.02%
2022-10-21|90.95|90.95|90.95|90.95||0.45%
2022-10-24|90.88|90.88|90.88|90.88||-0.08%
2022-10-25|90.84|90.84|90.84|90.84||-0.04%
2022-10-26|91.16|91.16|91.16|91.16||0.35%
2022-10-27|91.26|91.27|91.27|91.27||0.11%
2022-10-28|91.11|91.11|91.11|91.11||-0.17%
2022-10-31|91.13|91.13|91.13|91.13||0.02%
2022-11-01|91.22|91.22|91.22|91.22||0.10%
2022-11-02|91.87|91.87|91.87|91.87||0.71%
2022-11-03|89.5|89.5|89.5|89.5||-2.58%
2022-11-04|93.63|93.63|93.63|93.63||4.62%
2022-11-07|92.68|92.69|92.69|92.69||-1.01%
2022-11-08|90.62|90.62|90.62|90.62||-2.23%
2022-11-09|88.8|88.8|88.8|88.8||-2.01%
2022-11-10|89.36|89.36|89.36|89.36||0.63%
2022-11-11|91.11|91.11|91.11|91.11||1.96%
2022-11-14|89.5|89.5|89.5|89.5||-1.77%
2022-11-15|89.44|89.44|89.44|89.44||-0.07%
2022-11-16|88.94|88.94|88.94|88.94||-0.56%
2022-11-17|87.59|87.59|87.59|87.59||-1.52%
2022-11-18|86.86|86.86|86.86|86.86||-0.84%
2022-11-21|86.62|86.62|86.62|86.62||-0.27%
2022-11-22|86.6|86.6|86.6|86.6||-0.02%
2022-11-23|85.88|85.88|85.88|85.88||-0.83%
2022-11-25|85.79|85.79|85.79|85.79||-0.11%
2022-11-28|85.97|85.97|85.97|85.97||0.21%
2022-11-29|86.19|86.19|86.19|86.19||0.25%
2022-11-30|86.22|86.22|86.22|86.22||0.04%
2022-12-01|80.94|80.94|80.94|80.94||-6.13%
2022-12-02|80.1|80.1|80.1|80.1||-1.04%
2022-12-05|77.52|77.52|77.52|77.52||-3.22%
2022-12-06|75.12|75.12|75.12|75.12||-3.10%
2022-12-07|73.88|73.88|73.88|73.88||-1.65%
2022-12-08|73.45|73.45|73.45|73.45||-0.57%
2022-12-09|73.71|73.71|73.71|73.71||0.35%
2022-12-12|75.13|75.13|75.13|75.13||1.93%
2022-12-13|76.62|76.62|76.62|76.62||1.99%
2022-12-14|77.67|77.67|77.67|77.67||1.36%
2022-12-15|76.9|76.9|76.9|76.9||-0.99%
2022-12-16|75.89|75.89|75.89|75.89||-1.31%
2022-12-19|76.31|76.31|76.31|76.31||0.55%
2022-12-20|76.4|76.4|76.4|76.4||0.13%
2022-12-21|77.1|77.1|77.1|77.1||0.91%
2022-12-22|76.87|76.87|76.87|76.87||-0.29%
2022-12-23|77.48|77.48|77.48|77.48||0.79%
2022-12-27|77.52|77.52|77.52|77.52||0.05%
2022-12-28|77.39|77.39|77.39|77.39||-0.16%
2022-12-29|77.24|77.24|77.24|77.24||-0.20%
2022-12-30|77.2|77.2|77.2|77.2||-0.06%
2023-01-03|77.91|77.91|77.91|77.91||0.92%
2023-01-04|74.69|74.69|74.69|74.69||-4.13%
2023-01-05|75.46|75.46|75.46|75.46||1.03%
2023-01-06|75.4|75.4|75.4|75.4||-0.08%
2023-01-09|76.43|76.43|76.43|76.43||1.37%
2023-01-10|77.06|77.06|77.06|77.06||0.83%
2023-01-11|78.68|78.68|78.68|78.68||2.10%
2023-01-12|79.39|79.39|79.39|79.39||0.90%
2023-01-13|80.02|80.02|80.02|80.02||0.80%
2023-01-17|80.66|80.66|80.66|80.66||0.80%
2023-01-18|80.19|80.19|80.19|80.19||-0.59%
2023-01-19|80.49|80.49|80.49|80.49||0.38%
2023-01-20|81|81|81|81||0.63%
2023-01-23|81.07|81.07|81.07|81.07||0.09%
2023-01-24|80.6|80.6|80.6|80.6||-0.58%
2023-01-25|80.57|80.57|80.57|80.57||-0.03%
2023-01-26|80.74|80.74|80.74|80.74||0.20%
2023-01-27|80.58|80.58|80.58|80.58||-0.19%
2023-01-30|80.42|80.42|80.42|80.42||-0.21%
2023-01-31|80.38|80.38|80.38|80.38||-0.04%
2023-02-01|80.32|80.32|80.32|80.32||-0.07%
2023-02-02|80.07|80.07|80.07|80.07||-0.31%
2023-02-03|78.1|78.1|78.1|78.1||-2.47%
2023-02-06|78.97|78.97|78.97|78.97||1.12%
2023-02-07|81.19|81.19|81.19|81.19||2.80%
2023-02-08|82.17|82.17|82.17|82.17||1.21%
2023-02-09|81.86|81.86|81.86|81.86||-0.37%
2023-02-10|83.15|83.15|83.15|83.15||1.58%
2023-02-13|83.52|83.52|83.52|83.52||0.44%
2023-02-14|83.05|83.05|83.05|83.05||-0.56%
2023-02-15|82.95|82.95|82.95|82.95||-0.12%
2023-02-16|82.83|82.83|82.83|82.83||-0.14%
2023-02-17|82.07|82.07|82.07|82.07||-0.92%
2023-02-21|82.17|82.17|82.17|82.17||0.12%
2023-02-22|81.69|81.69|81.69|81.69||-0.58%
2023-02-23|81.98|81.98|81.98|81.98||0.36%
2023-02-24|82.12|82.12|82.12|82.12||0.17%
2023-02-27|82.05|82.05|82.05|82.05||-0.09%
2023-02-28|82.08|82.08|82.08|82.08||0.04%
2023-03-01|82.35|82.34|82.34|82.34||0.32%
2023-03-02|83.06|83.06|83.06|83.06||0.87%
2023-03-03|84.31|84.31|84.31|84.31||1.51%
2023-03-06|84.4|84.4|84.4|84.4||0.10%
2023-03-07|82.07|82.07|82.07|82.07||-2.76%
2023-03-08|81.97|81.97|81.97|81.97||-0.12%
2023-03-09|81.24|81.24|81.24|81.24||-0.89%
2023-03-10|82.16|82.16|82.16|82.16||1.13%
2023-03-13|81.01|81.01|81.01|81.01||-1.39%
2023-03-14|79.2|79.2|79.2|79.2||-2.24%
2023-03-15|77.25|77.25|77.25|77.25||-2.46%
