Date|Close|Change
2008-06-05|2.119|0.00%
2008-06-06|2.078|-1.93%
2008-06-09|2.289|10.15%
2008-06-10|2.495|9.00%
2008-06-11|2.428|-2.69%
2008-06-12|2.624|8.07%
2008-06-13|2.593|-1.18%
2008-06-16|2.629|1.39%
2008-06-17|2.515|-4.34%
2008-06-18|2.474|-1.63%
2008-06-19|2.53|2.26%
2008-06-20|2.442|-3.48%
2008-06-23|2.509|2.74%
2008-06-24|2.488|-0.84%
2008-06-25|2.411|-3.09%
2008-06-26|2.344|-2.78%
2008-06-27|2.287|-2.43%
2008-06-30|2.333|2.01%
2008-07-01|2.307|-1.11%
2008-07-02|2.342|1.52%
2008-07-03|2.275|-2.86%
2008-07-07|2.249|-1.14%
2008-07-08|2.239|-0.44%
2008-07-09|2.161|-3.48%
2008-07-10|2.156|-0.23%
2008-07-11|2.259|4.78%
2008-07-14|2.202|-2.52%
2008-07-15|2.13|-3.27%
2008-07-16|2.14|0.47%
2008-07-17|2.191|2.38%
2008-07-18|2.238|2.15%
2008-07-21|2.207|-1.39%
2008-07-22|2.294|3.94%
2008-07-23|2.304|0.44%
2008-07-24|2.222|-3.56%
2008-07-25|2.278|2.52%
2008-07-28|2.263|-0.66%
2008-07-29|2.288|1.10%
2008-07-30|2.281|-0.31%
2008-07-31|2.254|-1.18%
2008-08-01|2.244|-0.44%
2008-08-04|2.254|0.45%
2008-08-05|2.249|-0.22%
2008-08-06|2.233|-0.71%
2008-08-07|2.14|-4.16%
2008-08-08|2.161|0.98%
2008-08-11|2.233|3.33%
2008-08-12|2.135|-4.39%
2008-08-13|2.143|0.37%
2008-08-14|2.109|-1.59%
2008-08-15|2.103|-0.28%
2008-08-18|2.103|0.00%
2008-08-19|2.078|-1.19%
2008-08-20|2.026|-2.50%
2008-08-21|2.072|2.27%
2008-08-22|2.129|2.75%
2008-08-25|2.103|-1.22%
2008-08-26|2.134|1.47%
2008-08-27|2.136|0.09%
2008-08-28|2.151|0.70%
2008-08-29|2.151|0.00%
2008-09-02|2.099|-2.42%
2008-09-03|2.073|-1.24%
2008-09-04|2.027|-2.22%
2008-09-05|2.099|3.55%
2008-09-08|2.099|0.00%
2008-09-09|2.032|-3.19%
2008-09-10|2.021|-0.54%
2008-09-11|2.006|-0.74%
2008-09-12|2|-0.30%
2008-09-15|1.599|-20.05%
2008-09-16|1.651|3.25%
2008-09-17|1.45|-12.17%
2008-09-18|1.532|5.66%
2008-09-19|2.062|34.60%
2008-09-22|2.031|-1.50%
2008-09-23|1.943|-4.33%
2008-09-24|1.872|-3.65%
2008-09-25|1.975|5.50%
2008-09-26|1.836|-7.04%
2008-09-29|1.464|-20.26%
2008-09-30|1.785|21.93%
2008-10-01|1.642|-8.01%
2008-10-02|1.398|-14.86%
2008-10-03|1.367|-2.22%
2008-10-06|1.255|-8.19%
2008-10-07|1.21|-3.59%
2008-10-08|1.235|2.07%
2008-10-09|1.25|1.21%
2008-10-10|1.027|-17.84%
2008-10-14|1.194|16.26%
2008-10-15|1.073|-10.13%
2008-10-16|1.27|18.36%
2008-10-17|1.295|1.97%
2008-10-20|1.671|29.03%
2008-10-21|1.569|-6.10%
2008-10-22|1.581|0.76%
2008-10-23|1.642|3.86%
2008-10-24|1.56|-4.99%
2008-10-27|1.509|-3.27%
2008-10-28|1.494|-0.99%
2008-10-29|1.366|-8.57%
2008-10-30|1.315|-3.73%
2008-10-31|1.33|1.14%
2008-11-03|1.285|-3.38%
2008-11-04|1.274|-0.86%
2008-11-05|1.198|-5.97%
2008-11-06|1.132|-5.51%
2008-11-07|1.183|4.51%
2008-11-10|1.132|-4.31%
2008-11-12|0.989|-12.63%
2008-11-13|1.137|14.96%
2008-11-14|1.101|-3.17%
2008-11-17|1.06|-3.72%
2008-11-18|1.015|-4.25%
2008-11-19|0.947|-6.70%
2008-11-20|0.8|-15.52%
2008-11-21|0.82|2.50%
2008-11-24|0.927|13.05%
2008-11-25|0.937|1.08%
2008-11-26|0.927|-1.07%
2008-11-28|0.886|-4.42%
2008-12-01|0.81|-8.58%
2008-12-02|0.749|-7.53%
2008-12-03|0.699|-6.68%
2008-12-04|0.598|-14.45%
2008-12-05|0.527|-11.87%
2008-12-08|0.502|-4.74%
2008-12-09|0.462|-7.97%
2008-12-10|0.477|3.25%
2008-12-11|0.487|2.10%
2008-12-12|0.457|-6.16%
2008-12-15|0.472|3.28%
2008-12-16|0.401|-15.04%
2008-12-17|0.464|15.71%
2008-12-18|0.398|-14.22%
2008-12-19|0.386|-3.02%
2008-12-22|0.391|1.30%
2008-12-23|0.408|4.35%
2008-12-24|0.388|-4.90%
2008-12-26|0.357|-7.99%
2008-12-29|0.337|-5.60%
2008-12-30|0.312|-7.42%
2008-12-31|0.342|9.62%
2009-01-02|0.378|10.53%
2009-01-05|0.413|9.26%
2009-01-06|0.418|1.21%
2009-01-07|0.418|0.00%
2009-01-08|0.438|4.78%
2009-01-09|0.413|-5.71%
2009-01-12|0.413|0.00%
2009-01-13|0.388|-6.05%
2009-01-14|0.427|10.05%
2009-01-16|0.427|0.00%
2009-01-20|0.412|-3.51%
2009-01-21|0.435|5.58%
2009-01-22|0.395|-9.20%
2009-01-23|0.432|9.37%
2009-01-26|0.452|4.63%
2009-01-27|0.457|1.11%
2009-01-28|0.47|2.84%
2009-01-29|0.482|2.55%
2009-01-30|0.477|-1.04%
2009-02-02|0.492|3.14%
2009-02-03|0.517|5.08%
2009-02-04|0.495|-4.26%
2009-02-05|0.515|4.04%
2009-02-06|0.53|2.91%
2009-02-09|0.553|4.34%
2009-02-10|0.515|-6.87%
2009-02-11|0.598|16.12%
2009-02-12|0.593|-0.84%
2009-02-13|0.608|2.53%
2009-02-17|0.593|-2.47%
2009-02-18|0.628|5.90%
2009-02-19|0.652|3.82%
2009-02-20|0.623|-4.45%
2009-02-23|0.664|6.58%
2009-02-24|0.689|3.77%
2009-02-25|0.722|4.79%
2009-02-26|0.712|-1.39%
2009-02-27|0.682|-4.21%
2009-03-02|0.643|-5.72%
2009-03-03|0.636|-1.09%
2009-03-04|0.663|4.25%
2009-03-05|0.628|-5.28%
2009-03-06|0.658|4.78%
2009-03-09|0.668|1.52%
2009-03-10|0.683|2.25%
2009-03-11|0.71|3.95%
2009-03-12|0.688|-3.10%
2009-03-13|0.675|-1.89%
2009-03-16|0.673|-0.30%
2009-03-17|0.68|1.04%
2009-03-18|0.583|-14.26%
2009-03-19|0.588|0.86%
2009-03-20|0.588|0.00%
2009-03-23|0.593|0.85%
2009-03-24|0.598|0.84%
2009-03-25|0.583|-2.51%
2009-03-26|0.563|-3.43%
2009-03-27|0.568|0.89%
2009-03-30|0.578|1.76%
2009-03-31|0.547|-5.36%
2009-04-01|0.547|0.00%
2009-04-02|0.558|2.01%
2009-04-03|0.583|4.48%
2009-04-06|0.568|-2.57%
2009-04-07|0.547|-3.70%
2009-04-08|0.592|8.23%
2009-04-09|0.592|0.00%
2009-04-13|0.576|-2.70%
2009-04-14|0.529|-8.16%
2009-04-15|0.521|-1.51%
2009-04-16|0.516|-0.96%
2009-04-17|0.556|7.75%
2009-04-20|0.521|-6.29%
2009-04-21|0.513|-1.54%
2009-04-22|0.485|-5.46%
2009-04-23|0.465|-4.12%
2009-04-24|0.48|3.23%
2009-04-27|0.47|-2.08%
2009-04-28|0.488|3.83%
2009-04-29|0.467|-4.30%
2009-04-30|0.465|-0.43%
2009-05-01|0.465|0.00%
2009-05-04|0.485|4.30%
2009-05-05|0.48|-1.03%
2009-05-06|0.509|6.04%
2009-05-07|0.542|6.48%
2009-05-08|0.542|0.00%
2009-05-11|0.514|-5.17%
2009-05-12|0.522|1.56%
2009-05-13|0.502|-3.83%
2009-05-14|0.479|-4.58%
2009-05-15|0.471|-1.67%
2009-05-18|0.489|3.82%
2009-05-19|0.461|-5.73%
2009-05-20|0.431|-6.51%
2009-05-21|0.436|1.16%
2009-05-22|0.461|5.73%
2009-05-26|0.469|1.74%
2009-05-27|0.471|0.43%
2009-05-28|0.458|-2.76%
2009-05-29|0.451|-1.53%
2009-06-01|0.448|-0.67%
2009-06-02|0.418|-6.70%
2009-06-03|0.442|5.74%
2009-06-04|0.46|4.07%
2009-06-05|0.619|34.57%
2009-06-08|0.612|-1.13%
2009-06-09|0.543|-11.27%
2009-06-10|0.538|-0.92%
2009-06-11|0.516|-4.09%
2009-06-12|0.498|-3.49%
2009-06-15|0.477|-4.22%
2009-06-16|0.477|0.00%
2009-06-17|0.472|-1.05%
2009-06-18|0.495|4.87%
2009-06-19|0.482|-2.63%
2009-06-22|0.465|-3.53%
2009-06-23|0.46|-1.08%
2009-06-24|0.467|1.52%
2009-06-25|0.424|-9.21%
2009-06-26|0.417|-1.65%
2009-06-29|0.449|7.67%
2009-06-30|0.485|8.02%
2009-07-01|0.54|11.34%
2009-07-02|0.486|-10.00%
2009-07-06|0.458|-5.76%
2009-07-07|0.461|0.66%
2009-07-08|0.441|-4.34%
2009-07-09|0.453|2.72%
2009-07-10|0.438|-3.31%
2009-07-13|0.458|4.57%
2009-07-14|0.456|-0.44%
2009-07-15|0.474|3.95%
2009-07-16|0.448|-5.49%
2009-07-17|0.448|0.00%
2009-07-20|0.451|0.67%
2009-07-21|0.433|-3.99%
2009-07-22|0.431|-0.46%
2009-07-23|0.458|6.26%
2009-07-24|0.433|-5.46%
2009-07-27|0.446|3.00%
2009-07-28|0.443|-0.67%
2009-07-29|0.489|10.38%
2009-07-30|0.479|-2.04%
2009-07-31|0.476|-0.63%
2009-08-03|0.474|-0.42%
2009-08-04|0.458|-3.38%
2009-08-05|0.471|2.84%
2009-08-06|0.471|0.00%
2009-08-07|0.504|7.01%
2009-08-10|0.466|-7.54%
2009-08-11|0.451|-3.22%
2009-08-12|0.441|-2.22%
2009-08-13|0.426|-3.40%
2009-08-14|0.415|-2.58%
2009-08-17|0.415|0.00%
2009-08-18|0.41|-1.20%
2009-08-19|0.403|-1.71%
2009-08-20|0.395|-1.99%
2009-08-21|0.41|3.80%
2009-08-24|0.395|-3.66%
2009-08-25|0.418|5.82%
2009-08-26|0.451|7.89%
2009-08-27|0.441|-2.22%
2009-08-28|0.431|-2.27%
2009-08-31|0.421|-2.32%
2009-09-01|0.4|-4.99%
2009-09-02|0.39|-2.50%
2009-09-03|0.403|3.33%
2009-09-04|0.41|1.74%
2009-09-08|0.398|-2.93%
2009-09-09|0.385|-3.27%
2009-09-10|0.372|-3.38%
2009-09-11|0.37|-0.54%
2009-09-14|0.365|-1.35%
2009-09-15|0.37|1.37%
2009-09-16|0.352|-4.86%
2009-09-17|0.347|-1.42%
2009-09-18|0.37|6.63%
2009-09-21|0.362|-2.16%
2009-09-22|0.364|0.55%
2009-09-23|0.394|8.24%
2009-09-24|0.387|-1.78%
2009-09-25|0.407|5.17%
2009-09-28|0.387|-4.91%
2009-09-29|0.389|0.52%
2009-09-30|0.384|-1.29%
2009-10-01|0.344|-10.42%
2009-10-02|0.344|0.00%
2009-10-05|0.339|-1.45%
2009-10-06|0.344|1.47%
2009-10-07|0.321|-6.69%
2009-10-08|0.324|0.93%
2009-10-09|0.349|7.72%
2009-10-13|0.326|-6.59%
2009-10-14|0.321|-1.53%
2009-10-15|0.324|0.93%
2009-10-16|0.329|1.54%
2009-10-19|0.341|3.65%
2009-10-20|0.326|-4.40%
2009-10-21|0.38|16.56%
2009-10-22|0.37|-2.63%
2009-10-23|0.393|6.22%
2009-10-26|0.403|2.54%
2009-10-27|0.385|-4.47%
2009-10-28|0.368|-4.42%
2009-10-29|0.378|2.72%
2009-10-30|0.352|-6.88%
2009-11-02|0.36|2.27%
2009-11-03|0.35|-2.78%
2009-11-04|0.335|-4.29%
2009-11-05|0.322|-3.88%
2009-11-06|0.307|-4.66%
2009-11-09|0.31|0.98%
2009-11-10|0.302|-2.58%
2009-11-12|0.292|-3.31%
2009-11-13|0.294|0.68%
2009-11-16|0.277|-5.78%
2009-11-17|0.267|-3.61%
2009-11-18|0.289|8.24%
2009-11-19|0.259|-10.38%
2009-11-20|0.266|2.70%
2009-11-23|0.279|4.89%
2009-11-24|0.261|-6.45%
2009-11-25|0.248|-4.98%
2009-11-27|0.236|-4.84%
2009-11-30|0.248|5.08%
2009-12-01|0.243|-2.02%
2009-12-02|0.263|8.23%
2009-12-03|0.263|0.00%
2009-12-04|0.329|25.10%
2009-12-07|0.291|-11.55%
2009-12-08|0.266|-8.59%
2009-12-09|0.278|4.51%
2009-12-10|0.294|5.76%
2009-12-11|0.311|5.78%
2009-12-14|0.326|4.82%
2009-12-15|0.356|9.20%
2009-12-16|0.378|6.18%
2009-12-17|0.337|-10.85%
2009-12-18|0.35|3.86%
2009-12-21|0.388|10.86%
2009-12-22|0.398|2.58%
2009-12-23|0.398|0.00%
2009-12-24|0.405|1.76%
2009-12-28|0.448|10.62%
2009-12-29|0.441|-1.56%
2009-12-30|0.418|-5.22%
2009-12-31|0.438|4.78%
2010-01-04|0.405|-7.53%
2010-01-05|0.373|-7.90%
2010-01-06|0.362|-2.95%
2010-01-07|0.365|0.83%
2010-01-08|0.327|-10.41%
2010-01-11|0.302|-7.65%
2010-01-12|0.297|-1.66%
2010-01-13|0.359|20.88%
2010-01-14|0.334|-6.96%
2010-01-15|0.316|-5.39%
2010-01-19|0.314|-0.63%
2010-01-20|0.306|-2.55%
2010-01-21|0.286|-6.54%
2010-01-22|0.278|-2.80%
2010-01-25|0.289|3.96%
2010-01-26|0.291|0.69%
2010-01-27|0.314|7.90%
2010-01-28|0.286|-8.92%
2010-01-29|0.281|-1.75%
2010-02-01|0.301|7.12%
2010-02-02|0.296|-1.66%
2010-02-03|0.311|5.07%
2010-02-04|0.283|-9.00%
2010-02-05|0.281|-0.71%
2010-02-08|0.286|1.78%
2010-02-09|0.301|5.24%
2010-02-10|0.364|20.93%
2010-02-11|0.359|-1.37%
2010-02-12|0.339|-5.57%
2010-02-16|0.326|-3.83%
2010-02-17|0.339|3.99%
2010-02-18|0.364|7.37%
2010-02-19|0.361|-0.82%
2010-02-22|0.341|-5.54%
2010-02-23|0.329|-3.52%
2010-02-24|0.314|-4.56%
2010-02-25|0.294|-6.37%
2010-02-26|0.296|0.68%
2010-03-01|0.296|0.00%
2010-03-02|0.294|-0.68%
2010-03-03|0.296|0.68%
2010-03-04|0.309|4.39%
2010-03-05|0.334|8.09%
2010-03-08|0.341|2.10%
2010-03-09|0.336|-1.47%
2010-03-10|0.38|13.10%
2010-03-11|0.393|3.42%
2010-03-12|0.408|3.82%
2010-03-15|0.405|-0.74%
2010-03-16|0.385|-4.94%
2010-03-17|0.375|-2.60%
2010-03-18|0.385|2.67%
2010-03-19|0.408|5.97%
2010-03-22|0.398|-2.45%
2010-03-23|0.387|-2.76%
2010-03-24|0.41|5.94%
2010-03-25|0.405|-1.22%
2010-03-26|0.395|-2.47%
2010-03-29|0.39|-1.27%
2010-03-30|0.398|2.05%
2010-03-31|0.385|-3.27%
2010-04-01|0.392|1.82%
2010-04-02|0.423|7.91%
2010-04-05|0.441|4.26%
2010-04-06|0.436|-1.13%
2010-04-07|0.455|4.36%
2010-04-08|0.447|-1.76%
2010-04-09|0.447|0.00%
2010-04-12|0.432|-3.36%
2010-04-13|0.429|-0.69%
2010-04-14|0.432|0.70%
2010-04-15|0.412|-4.63%
2010-04-16|0.386|-6.31%
2010-04-19|0.391|1.30%
2010-04-20|0.404|3.32%
2010-04-21|0.404|0.00%
2010-04-22|0.414|2.48%
2010-04-23|0.434|4.83%
2010-04-26|0.424|-2.30%
2010-04-27|0.381|-10.14%
2010-04-28|0.381|0.00%
2010-04-29|0.381|0.00%
2010-04-30|0.381|0.00%
2010-05-03|0.389|2.10%
2010-05-04|0.368|-5.40%
2010-05-05|0.387|5.16%
2010-05-06|0.352|-9.04%
2010-05-07|0.372|5.68%
2010-05-10|0.39|4.84%
2010-05-11|0.38|-2.56%
2010-05-12|0.38|0.00%
2010-05-13|0.37|-2.63%
2010-05-14|0.337|-8.92%
2010-05-17|0.347|2.97%
2010-05-18|0.327|-5.76%
2010-05-19|0.337|3.06%
2010-05-20|0.314|-6.82%
2010-05-21|0.332|5.73%
2010-05-24|0.337|1.51%
2010-05-25|0.326|-3.26%
2010-05-26|0.339|3.99%
2010-05-27|0.344|1.47%
2010-05-28|0.321|-6.69%
2010-06-01|0.321|0.00%
2010-06-02|0.326|1.56%
2010-06-03|0.374|14.72%
2010-06-04|0.331|-11.50%
2010-06-07|0.328|-0.91%
2010-06-08|0.326|-0.61%
2010-06-09|0.313|-3.99%
2010-06-10|0.326|4.15%
2010-06-11|0.298|-8.59%
2010-06-14|0.288|-3.36%
2010-06-15|0.29|0.69%
2010-06-16|0.275|-5.17%
2010-06-17|0.265|-3.64%
2010-06-18|0.27|1.89%
2010-06-21|0.273|1.11%
2010-06-22|0.27|-1.10%
2010-06-23|0.275|1.85%
2010-06-24|0.275|0.00%
2010-06-25|0.275|0.00%
2010-06-28|0.273|-0.73%
2010-06-29|0.273|0.00%
2010-06-30|0.316|15.75%
2010-07-01|0.31|-1.90%
2010-07-02|0.306|-1.29%
2010-07-06|0.305|-0.33%
2010-07-07|0.298|-2.30%
2010-07-08|0.29|-2.68%
2010-07-09|0.288|-0.69%
2010-07-12|0.29|0.69%
2010-07-13|0.293|1.03%
2010-07-14|0.268|-8.53%
2010-07-15|0.257|-4.10%
2010-07-16|0.252|-1.95%
2010-07-19|0.255|1.19%
2010-07-20|0.252|-1.18%
2010-07-21|0.242|-3.97%
2010-07-22|0.247|2.07%
2010-07-23|0.255|3.24%
2010-07-26|0.262|2.75%
2010-07-27|0.278|6.11%
2010-07-28|0.296|6.47%
2010-07-29|0.291|-1.69%
2010-07-30|0.283|-2.75%
2010-08-02|0.276|-2.47%
2010-08-03|0.258|-6.52%
2010-08-04|0.261|1.16%
2010-08-05|0.253|-3.07%
2010-08-06|0.245|-3.16%
2010-08-09|0.248|1.22%
2010-08-10|0.243|-2.02%
2010-08-11|0.235|-3.29%
2010-08-12|0.238|1.28%
2010-08-13|0.238|0.00%
2010-08-16|0.238|0.00%
2010-08-17|0.243|2.10%
2010-08-18|0.24|-1.23%
2010-08-19|0.238|-0.83%
2010-08-20|0.238|0.00%
2010-08-23|0.243|2.10%
2010-08-24|0.245|0.82%
2010-08-25|0.263|7.35%
2010-08-26|0.258|-1.90%
2010-08-27|0.258|0.00%
2010-08-30|0.245|-5.04%
2010-08-31|0.233|-4.90%
2010-09-01|0.238|2.15%
2010-09-02|0.233|-2.10%
2010-09-03|0.235|0.86%
2010-09-07|0.233|-0.85%
2010-09-08|0.233|0.00%
2010-09-09|0.24|3.00%
2010-09-10|0.245|2.08%
2010-09-13|0.245|0.00%
2010-09-14|0.243|-0.82%
2010-09-15|0.238|-2.06%
2010-09-16|0.243|2.10%
2010-09-17|0.243|0.00%
2010-09-20|0.245|0.82%
2010-09-21|0.263|7.35%
2010-09-22|0.254|-3.42%
2010-09-23|0.249|-1.97%
2010-09-24|0.251|0.80%
2010-09-27|0.251|0.00%
2010-09-28|0.256|1.99%
2010-09-29|0.251|-1.95%
2010-09-30|0.251|0.00%
2010-10-01|0.246|-1.99%
2010-10-04|0.241|-2.03%
2010-10-05|0.236|-2.07%
2010-10-06|0.226|-4.24%
2010-10-07|0.206|-8.85%
2010-10-08|0.196|-4.85%
2010-10-12|0.201|2.55%
2010-10-13|0.201|0.00%
2010-10-14|0.208|3.48%
2010-10-15|0.208|0.00%
2010-10-18|0.216|3.85%
2010-10-19|0.216|0.00%
2010-10-20|0.221|2.31%
2010-10-21|0.219|-0.90%
2010-10-22|0.214|-2.28%
2010-10-25|0.211|-1.40%
2010-10-26|0.224|6.16%
2010-10-27|0.224|0.00%
2010-10-28|0.219|-2.23%
2010-10-29|0.209|-4.57%
2010-11-01|0.204|-2.39%
2010-11-02|0.206|0.98%
2010-11-03|0.201|-2.43%
2010-11-04|0.196|-2.49%
2010-11-05|0.206|5.10%
2010-11-08|0.216|4.85%
2010-11-09|0.229|6.02%
2010-11-10|0.229|0.00%
2010-11-12|0.252|10.04%
2010-11-15|0.269|6.75%
2010-11-16|0.259|-3.72%
2010-11-17|0.259|0.00%
2010-11-18|0.259|0.00%
2010-11-19|0.259|0.00%
2010-11-22|0.254|-1.93%
2010-11-23|0.248|-2.36%
2010-11-24|0.271|9.27%
2010-11-26|0.269|-0.74%
2010-11-29|0.269|0.00%
2010-11-30|0.261|-2.97%
2010-12-01|0.273|4.60%
2010-12-02|0.271|-0.73%
2010-12-03|0.256|-5.54%
2010-12-06|0.241|-5.86%
2010-12-07|0.256|6.22%
2010-12-08|0.271|5.86%
2010-12-09|0.273|0.74%
2010-12-10|0.271|-0.73%
2010-12-13|0.271|0.00%
2010-12-14|0.276|1.85%
2010-12-15|0.305|10.51%
2010-12-16|0.3|-1.64%
2010-12-17|0.292|-2.67%
2010-12-20|0.292|0.00%
2010-12-21|0.287|-1.71%
2010-12-22|0.287|0.00%
2010-12-23|0.287|0.00%
2010-12-27|0.292|1.74%
2010-12-28|0.292|0.00%
2010-12-29|0.274|-6.16%
2010-12-30|0.272|-0.73%
2010-12-31|0.267|-1.84%
2011-01-03|0.269|0.75%
2011-01-04|0.267|-0.74%
2011-01-05|0.287|7.49%
2011-01-06|0.284|-1.05%
2011-01-07|0.272|-4.23%
2011-01-10|0.267|-1.84%
2011-01-11|0.257|-3.75%
2011-01-12|0.261|1.56%
2011-01-13|0.254|-2.68%
2011-01-14|0.259|1.97%
2011-01-18|0.256|-1.16%
2011-01-19|0.254|-0.78%
2011-01-20|0.261|2.76%
2011-01-21|0.261|0.00%
2011-01-24|0.261|0.00%
2011-01-25|0.258|-1.15%
2011-01-26|0.261|1.16%
2011-01-27|0.241|-7.66%
2011-01-28|0.233|-3.32%
2011-01-31|0.241|3.43%
2011-02-01|0.246|2.07%
2011-02-02|0.261|6.10%
2011-02-03|0.271|3.83%
2011-02-04|0.273|0.74%
2011-02-07|0.278|1.83%
2011-02-08|0.288|3.60%
2011-02-09|0.299|3.82%
2011-02-10|0.294|-1.67%
2011-02-11|0.289|-1.70%
2011-02-14|0.286|-1.04%
2011-02-15|0.286|0.00%
2011-02-16|0.281|-1.75%
2011-02-17|0.264|-6.05%
2011-02-18|0.261|-1.14%
2011-02-22|0.253|-3.07%
2011-02-23|0.246|-2.77%
2011-02-24|0.238|-3.25%
2011-02-25|0.241|1.26%
2011-02-28|0.241|0.00%
2011-03-01|0.231|-4.15%
2011-03-02|0.236|2.16%
2011-03-03|0.251|6.36%
2011-03-04|0.233|-7.17%
2011-03-07|0.236|1.29%
2011-03-08|0.236|0.00%
2011-03-09|0.248|5.08%
2011-03-10|0.233|-6.05%
2011-03-11|0.228|-2.15%
2011-03-14|0.218|-4.39%
2011-03-15|0.223|2.29%
2011-03-16|0.21|-5.83%
2011-03-17|0.218|3.81%
2011-03-18|0.218|0.00%
2011-03-21|0.23|5.50%
2011-03-22|0.233|1.30%
2011-03-23|0.233|0.00%
2011-03-24|0.243|4.29%
2011-03-25|0.263|8.23%
2011-03-28|0.276|4.94%
2011-03-29|0.281|1.81%
2011-03-30|0.271|-3.56%
2011-03-31|0.273|0.74%
2011-04-01|0.235|-13.92%
2011-04-04|0.195|-17.02%
2011-04-05|0.243|24.62%
2011-04-06|0.28|15.23%
2011-04-07|0.257|-8.21%
2011-04-08|0.257|0.00%
2011-04-11|0.252|-1.95%
2011-04-12|0.237|-5.95%
2011-04-13|0.227|-4.22%
2011-04-14|0.242|6.61%
2011-04-15|0.227|-6.20%
2011-04-18|0.217|-4.41%
2011-04-19|0.217|0.00%
2011-04-20|0.217|0.00%
2011-04-21|0.212|-2.30%
2011-04-25|0.207|-2.36%
2011-04-26|0.202|-2.42%
2011-04-27|0.202|0.00%
2011-04-28|0.197|-2.48%
2011-04-29|0.187|-5.08%
2011-05-02|0.187|0.00%
2011-05-03|0.171|-8.56%
2011-05-04|0.187|9.36%
2011-05-05|0.177|-5.35%
2011-05-06|0.169|-4.52%
2011-05-09|0.164|-2.96%
2011-05-10|0.172|4.88%
2011-05-11|0.169|-1.74%
2011-05-12|0.169|0.00%
2011-05-13|0.167|-1.18%
2011-05-16|0.167|0.00%
2011-05-17|0.167|0.00%
2011-05-18|0.175|4.79%
2011-05-19|0.172|-1.71%
2011-05-20|0.167|-2.91%
2011-05-23|0.172|2.99%
2011-05-24|0.172|0.00%
2011-05-25|0.169|-1.74%
2011-05-26|0.162|-4.14%
2011-05-27|0.157|-3.09%
2011-05-31|0.164|4.46%
2011-06-01|0.159|-3.05%
2011-06-02|0.184|15.72%
2011-06-03|0.174|-5.43%
2011-06-06|0.171|-1.72%
2011-06-07|0.167|-2.34%
2011-06-08|0.164|-1.80%
2011-06-09|0.177|7.93%
2011-06-10|0.171|-3.39%
2011-06-13|0.167|-2.34%
2011-06-14|0.176|5.39%
2011-06-15|0.166|-5.68%
2011-06-16|0.164|-1.20%
2011-06-17|0.164|0.00%
2011-06-20|0.164|0.00%
2011-06-21|0.164|0.00%
2011-06-22|0.151|-7.93%
2011-06-23|0.141|-6.62%
2011-06-24|0.144|2.13%
2011-06-27|0.159|10.42%
2011-06-28|0.182|14.47%
2011-06-29|0.189|3.85%
2011-06-30|0.192|1.59%
2011-07-01|0.192|0.00%
2011-07-05|0.182|-5.21%
2011-07-06|0.177|-2.75%
2011-07-07|0.187|5.65%
2011-07-08|0.164|-12.30%
2011-07-11|0.156|-4.88%
2011-07-12|0.159|1.92%
2011-07-13|0.151|-5.03%
2011-07-14|0.144|-4.64%
2011-07-15|0.146|1.39%
2011-07-18|0.146|0.00%
2011-07-19|0.166|13.70%
2011-07-20|0.166|0.00%
2011-07-21|0.174|4.82%
2011-07-22|0.174|0.00%
2011-07-25|0.184|5.75%
2011-07-26|0.192|4.35%
2011-07-27|0.207|7.81%
2011-07-28|0.205|-0.97%
2011-07-29|0.205|0.00%
2011-08-01|0.197|-3.90%
2011-08-02|0.157|-20.30%
2011-08-03|0.149|-5.10%
2011-08-04|0.104|-30.20%
2011-08-05|0.111|6.73%
2011-08-08|0.119|7.21%
2011-08-09|0.106|-10.92%
2011-08-10|0.094|-11.32%
2011-08-11|0.104|10.64%
2011-08-12|0.101|-2.88%
2011-08-15|0.106|4.95%
2011-08-16|0.101|-4.72%
2011-08-17|0.094|-6.93%
2011-08-18|0.089|-5.32%
2011-08-19|0.089|0.00%
2011-08-22|0.078|-12.36%
2011-08-23|0.068|-12.82%
2011-08-24|0.099|45.59%
2011-08-25|0.091|-8.08%
2011-08-26|0.089|-2.20%
2011-08-29|0.091|2.25%
2011-08-30|0.091|0.00%
2011-08-31|0.101|10.99%
2011-09-01|0.099|-1.98%
2011-09-02|0.106|7.07%
2011-09-06|0.111|4.72%
2011-09-07|0.101|-9.01%
2011-09-08|0.101|0.00%
2011-09-09|0.091|-9.90%
2011-09-12|0.096|5.49%
2011-09-13|0.094|-2.08%
2011-09-14|0.086|-8.51%
2011-09-15|0.089|3.49%
2011-09-16|0.078|-12.36%
2011-09-19|0.073|-6.41%
2011-09-20|0.071|-2.74%
2011-09-21|0.101|42.25%
2011-09-22|0.096|-4.95%
2011-09-23|0.096|0.00%
2011-09-26|0.098|2.08%
2011-09-27|0.101|3.06%
2011-09-28|0.101|0.00%
2011-09-29|0.103|1.98%
2011-09-30|0.108|4.85%
2011-10-03|0.101|-6.48%
2011-10-04|0.101|0.00%
2011-10-05|0.09|-10.89%
2011-10-06|0.078|-13.33%
2011-10-07|0.095|21.79%
2011-10-10|0.099|4.21%
2011-10-11|0.101|2.02%
2011-10-12|0.09|-10.89%
2011-10-13|0.095|5.56%
2011-10-14|0.101|6.32%
2011-10-17|0.103|1.98%
2011-10-18|0.105|1.94%
2011-10-19|0.113|7.62%
2011-10-20|0.113|0.00%
2011-10-21|0.111|-1.77%
2011-10-24|0.111|0.00%
2011-10-25|0.111|0.00%
2011-10-26|0.116|4.50%
2011-10-27|0.121|4.31%
2011-10-28|0.116|-4.13%
2011-10-31|0.108|-6.90%
2011-11-01|0.106|-1.85%
2011-11-02|0.101|-4.72%
2011-11-03|0.098|-2.97%
2011-11-04|0.088|-10.20%
2011-11-07|0.081|-7.95%
2011-11-08|0.086|6.17%
2011-11-09|0.086|0.00%
2011-11-10|0.086|0.00%
2011-11-11|0.086|0.00%
2011-11-14|0.086|0.00%
2011-11-15|0.091|5.81%
2011-11-16|0.101|10.99%
2011-11-17|0.101|0.00%
2011-11-18|0.103|1.98%
2011-11-21|0.106|2.91%
2011-11-22|0.108|1.89%
2011-11-23|0.111|2.78%
2011-11-25|0.116|4.50%
2011-11-28|0.113|-2.59%
2011-11-29|0.113|0.00%
2011-11-30|0.108|-4.42%
2011-12-01|0.103|-4.63%
2011-12-02|0.101|-1.94%
2011-12-05|0.101|0.00%
2011-12-06|0.101|0.00%
2011-12-07|0.09|-10.89%
2011-12-08|0.09|0.00%
2011-12-09|0.088|-2.22%
2011-12-12|0.085|-3.41%
2011-12-13|0.095|11.76%
2011-12-14|0.111|16.84%
2011-12-15|0.108|-2.70%
2011-12-16|0.108|0.00%
2011-12-19|0.108|0.00%
2011-12-20|0.108|0.00%
2011-12-21|0.111|2.78%
2011-12-22|0.108|-2.70%
2011-12-23|0.111|2.78%
2011-12-27|0.108|-2.70%
2011-12-28|0.106|-1.85%
2011-12-29|0.106|0.00%
2011-12-30|0.108|1.89%
2012-01-03|0.106|-1.85%
2012-01-04|0.103|-2.83%
2012-01-05|0.101|-1.94%
2012-01-06|0.096|-4.95%
2012-01-09|0.096|0.00%
2012-01-10|0.093|-3.12%
2012-01-11|0.103|10.75%
2012-01-12|0.101|-1.94%
2012-01-13|0.101|0.00%
2012-01-17|0.101|0.00%
2012-01-18|0.103|1.98%
2012-01-19|0.106|2.91%
2012-01-20|0.106|0.00%
2012-01-23|0.106|0.00%
2012-01-24|0.106|0.00%
2012-01-25|0.101|-4.72%
2012-01-26|0.106|4.95%
2012-01-27|0.111|4.72%
2012-01-30|0.116|4.50%
2012-01-31|0.113|-2.59%
2012-02-01|0.118|4.42%
2012-02-02|0.128|8.47%
2012-02-03|0.126|-1.56%
2012-02-06|0.126|0.00%
2012-02-07|0.131|3.97%
2012-02-08|0.143|9.16%
2012-02-09|0.148|3.50%
2012-02-10|0.151|2.03%
2012-02-13|0.166|9.93%
2012-02-14|0.169|1.81%
2012-02-15|0.156|-7.69%
2012-02-16|0.158|1.28%
2012-02-17|0.158|0.00%
2012-02-21|0.158|0.00%
2012-02-22|0.156|-1.27%
2012-02-23|0.156|0.00%
2012-02-24|0.161|3.21%
2012-02-27|0.163|1.24%
2012-02-28|0.161|-1.23%
2012-02-29|0.161|0.00%
2012-03-01|0.163|1.24%
2012-03-02|0.156|-4.29%
2012-03-03|0.1558|-0.13%
2012-03-05|0.158|1.41%
2012-03-06|0.158|0.00%
2012-03-07|0.177|12.03%
2012-03-08|0.182|2.82%
2012-03-09|0.182|0.00%
2012-03-10|0.1822|0.11%
2012-03-12|0.185|1.54%
2012-03-13|0.195|5.41%
2012-03-14|0.205|5.13%
2012-03-15|0.2|-2.44%
2012-03-16|0.197|-1.50%
2012-03-17|0.1973|0.15%
2012-03-19|0.202|2.38%
2012-03-20|0.205|1.49%
2012-03-21|0.192|-6.34%
2012-03-22|0.185|-3.65%
2012-03-23|0.177|-4.32%
2012-03-24|0.1771|0.06%
2012-03-26|0.177|-0.06%
2012-03-27|0.167|-5.65%
2012-03-28|0.169|1.20%
2012-03-29|0.172|1.78%
2012-03-30|0.172|0.00%
2012-03-31|0.172|0.00%
2012-04-02|0.175|1.74%
2012-04-03|0.19|8.57%
2012-04-04|0.189|-0.53%
2012-04-05|0.189|0.00%
2012-04-06|0.189|0.00%
2012-04-07|0.1892|0.11%
2012-04-09|0.189|-0.11%
2012-04-10|0.182|-3.70%
2012-04-11|0.182|0.00%
2012-04-12|0.177|-2.75%
2012-04-13|0.169|-4.52%
2012-04-14|0.169|0.00%
2012-04-16|0.169|0.00%
2012-04-17|0.167|-1.18%
2012-04-18|0.161|-3.59%
2012-04-19|0.161|0.00%
2012-04-20|0.161|0.00%
2012-04-21|0.1614|0.25%
2012-04-23|0.161|-0.25%
2012-04-24|0.171|6.21%
2012-04-25|0.169|-1.17%
2012-04-26|0.169|0.00%
2012-04-27|0.174|2.96%
2012-04-28|0.174|0.00%
2012-04-30|0.179|2.87%
2012-05-01|0.182|1.68%
2012-05-02|0.182|0.00%
2012-05-03|0.182|0.00%
2012-05-04|0.175|-3.85%
2012-05-05|0.1746|-0.23%
2012-05-07|0.175|0.23%
2012-05-08|0.175|0.00%
2012-05-09|0.177|1.14%
2012-05-10|0.177|0.00%
2012-05-11|0.177|0.00%
2012-05-12|0.1771|0.06%
2012-05-14|0.18|1.64%
2012-05-15|0.182|1.11%
2012-05-16|0.185|1.65%
2012-05-17|0.19|2.70%
2012-05-18|0.192|1.05%
2012-05-19|0.1923|0.16%
2012-05-21|0.19|-1.20%
2012-05-22|0.192|1.05%
2012-05-23|0.19|-1.04%
2012-05-24|0.192|1.05%
2012-05-25|0.192|0.00%
2012-05-26|0.1922|0.10%
2012-05-28|0.1922|0.00%
2012-05-29|0.185|-3.75%
2012-05-30|0.177|-4.32%
2012-05-31|0.18|1.69%
2012-06-01|0.175|-2.78%
2012-06-02|0.1746|-0.23%
2012-06-04|0.175|0.23%
2012-06-05|0.175|0.00%
2012-06-06|0.175|0.00%
2012-06-07|0.172|-1.71%
2012-06-08|0.172|0.00%
2012-06-09|0.172|0.00%
2012-06-11|0.172|0.00%
2012-06-12|0.177|2.91%
2012-06-13|0.172|-2.82%
2012-06-14|0.175|1.74%
2012-06-15|0.169|-3.43%
2012-06-16|0.1695|0.30%
2012-06-18|0.172|1.47%
2012-06-19|0.172|0.00%
2012-06-20|0.175|1.74%
2012-06-21|0.172|-1.71%
2012-06-22|0.175|1.74%
2012-06-23|0.1745|-0.29%
2012-06-25|0.175|0.29%
2012-06-26|0.185|5.71%
2012-06-27|0.207|11.89%
2012-06-28|0.207|0.00%
2012-06-29|0.207|0.00%
2012-06-30|0.2069|-0.05%
2012-07-02|0.202|-2.37%
2012-07-03|0.202|0.00%
2012-07-04|0.2018|-0.10%
2012-07-05|0.194|-3.87%
2012-07-06|0.187|-3.61%
2012-07-07|0.1867|-0.16%
2012-07-09|0.187|0.16%
2012-07-10|0.187|0.00%
2012-07-11|0.187|0.00%
2012-07-12|0.187|0.00%
2012-07-13|0.171|-8.56%
2012-07-14|0.1715|0.29%
2012-07-16|0.167|-2.62%
2012-07-17|0.171|2.40%
2012-07-18|0.164|-4.09%
2012-07-19|0.161|-1.83%
2012-07-20|0.156|-3.11%
2012-07-21|0.1563|0.19%
2012-07-23|0.159|1.73%
2012-07-24|0.166|4.40%
2012-07-25|0.172|3.61%
2012-07-26|0.172|0.00%
2012-07-27|0.175|1.74%
2012-07-28|0.1746|-0.23%
2012-07-30|0.169|-3.21%
2012-07-31|0.162|-4.14%
2012-08-01|0.162|0.00%
2012-08-02|0.162|0.00%
2012-08-03|0.164|1.23%
2012-08-04|0.1644|0.24%
2012-08-06|0.164|-0.24%
2012-08-07|0.175|6.71%
2012-08-08|0.177|1.14%
2012-08-09|0.18|1.69%
2012-08-10|0.172|-4.44%
2012-08-11|0.172|0.00%
2012-08-13|0.177|2.91%
2012-08-14|0.18|1.69%
2012-08-15|0.182|1.11%
2012-08-16|0.182|0.00%
2012-08-17|0.182|0.00%
2012-08-18|0.1821|0.05%
2012-08-20|0.182|-0.05%
2012-08-21|0.195|7.14%
2012-08-22|0.185|-5.13%
2012-08-23|0.18|-2.70%
2012-08-24|0.18|0.00%
2012-08-25|0.1796|-0.22%
2012-08-27|0.177|-1.45%
2012-08-28|0.177|0.00%
2012-08-29|0.175|-1.13%
2012-08-30|0.172|-1.71%
2012-08-31|0.159|-7.56%
2012-09-01|0.1594|0.25%
2012-09-04|0.162|1.63%
2012-09-05|0.162|0.00%
2012-09-06|0.169|4.32%
2012-09-07|0.164|-2.96%
2012-09-08|0.1644|0.24%
2012-09-10|0.162|-1.46%
2012-09-11|0.162|0.00%
2012-09-12|0.162|0.00%
2012-09-13|0.157|-3.09%
2012-09-14|0.164|4.46%
2012-09-15|0.1644|0.24%
2012-09-17|0.169|2.80%
2012-09-18|0.169|0.00%
2012-09-19|0.178|5.33%
2012-09-20|0.178|0.00%
2012-09-21|0.176|-1.12%
2012-09-22|0.1756|-0.23%
2012-09-24|0.171|-2.62%
2012-09-25|0.171|0.00%
2012-09-26|0.166|-2.92%
2012-09-27|0.161|-3.01%
2012-09-28|0.155|-3.73%
2012-09-29|0.1555|0.32%
2012-10-01|0.158|1.61%
2012-10-02|0.158|0.00%
2012-10-03|0.155|-1.90%
2012-10-04|0.158|1.94%
2012-10-05|0.163|3.16%
2012-10-06|0.163|0.00%
2012-10-09|0.166|1.84%
2012-10-10|0.168|1.20%
2012-10-11|0.173|2.98%
2012-10-12|0.173|0.00%
2012-10-13|0.173|0.00%
2012-10-15|0.17|-1.73%
2012-10-16|0.17|0.00%
2012-10-17|0.186|9.41%
2012-10-18|0.181|-2.69%
2012-10-19|0.179|-1.10%
2012-10-20|0.1786|-0.22%
2012-10-22|0.181|1.34%
2012-10-23|0.179|-1.10%
2012-10-24|0.179|0.00%
2012-10-25|0.181|1.12%
2012-10-26|0.176|-2.76%
2012-10-27|0.1761|0.06%
2012-10-29|0.174|-1.19%
2012-10-30|0.1736|-0.23%
2012-10-31|0.174|0.23%
2012-11-01|0.174|0.00%
2012-11-02|0.176|1.15%
2012-11-03|0.176|0.00%
2012-11-05|0.174|-1.14%
2012-11-06|0.178|2.30%
2012-11-07|0.171|-3.93%
2012-11-08|0.174|1.75%
2012-11-09|0.174|0.00%
2012-11-10|0.1735|-0.29%
2012-11-13|0.174|0.29%
2012-11-14|0.171|-1.72%
2012-11-15|0.173|1.17%
2012-11-16|0.168|-2.89%
2012-11-17|0.1681|0.06%
2012-11-19|0.171|1.73%
2012-11-20|0.171|0.00%
2012-11-21|0.173|1.17%
2012-11-22|0.1731|0.06%
2012-11-23|0.176|1.68%
2012-11-24|0.1756|-0.23%
2012-11-26|0.17|-3.19%
2012-11-27|0.17|0.00%
2012-11-28|0.168|-1.18%
2012-11-29|0.168|0.00%
2012-11-30|0.168|0.00%
2012-12-01|0.168|0.00%
2012-12-03|0.17|1.19%
2012-12-04|0.17|0.00%
2012-12-05|0.166|-2.35%
2012-12-06|0.168|1.20%
2012-12-07|0.168|0.00%
2012-12-08|0.168|0.00%
2012-12-10|0.163|-2.98%
2012-12-11|0.15|-7.98%
2012-12-12|0.154|2.67%
2012-12-13|0.143|-7.14%
2012-12-14|0.131|-8.39%
2012-12-15|0.1308|-0.15%
2012-12-17|0.136|3.98%
2012-12-18|0.156|14.71%
2012-12-19|0.151|-3.21%
2012-12-20|0.148|-1.99%
2012-12-21|0.148|0.00%
2012-12-22|0.1484|0.27%
2012-12-24|0.148|-0.27%
2012-12-25|0.1484|0.27%
2012-12-26|0.148|-0.27%
2012-12-27|0.143|-3.38%
2012-12-28|0.141|-1.40%
2012-12-29|0.1408|-0.14%
2012-12-31|0.143|1.56%
2013-01-01|0.1433|0.21%
2013-01-02|0.141|-1.61%
2013-01-03|0.141|0.00%
2013-01-04|0.138|-2.13%
2013-01-05|0.1383|0.22%
2013-01-07|0.136|-1.66%
2013-01-08|0.136|0.00%
2013-01-09|0.135|-0.74%
2013-01-10|0.135|0.00%
2013-01-11|0.135|0.00%
2013-01-12|0.1354|0.30%
2013-01-14|0.138|1.92%
2013-01-15|0.138|0.00%
2013-01-16|0.138|0.00%
2013-01-17|0.143|3.62%
2013-01-18|0.135|-5.59%
2013-01-19|0.1354|0.30%
2013-01-22|0.135|-0.30%
2013-01-23|0.135|0.00%
2013-01-24|0.133|-1.48%
2013-01-25|0.14|5.26%
2013-01-26|0.1404|0.29%
2013-01-28|0.14|-0.28%
2013-01-29|0.138|-1.43%
2013-01-30|0.135|-2.17%
2013-01-31|0.135|0.00%
2013-02-01|0.135|0.00%
2013-02-02|0.1353|0.22%
2013-02-04|0.133|-1.70%
2013-02-05|0.135|1.50%
2013-02-06|0.146|8.15%
2013-02-07|0.146|0.00%
2013-02-08|0.146|0.00%
2013-02-09|0.1455|-0.34%
2013-02-11|0.148|1.72%
2013-02-12|0.15|1.35%
2013-02-13|0.15|0.00%
2013-02-14|0.153|2.00%
2013-02-15|0.153|0.00%
2013-02-16|0.153|0.00%
2013-02-17|0.153|0.00%
2013-02-19|0.155|1.31%
2013-02-20|0.153|-1.29%
2013-02-21|0.153|0.00%
2013-02-22|0.155|1.31%
2013-02-23|0.1555|0.32%
2013-02-25|0.153|-1.61%
2013-02-26|0.15|-1.96%
2013-02-27|0.153|2.00%
2013-02-28|0.153|0.00%
2013-03-01|0.15|-1.96%
2013-03-02|0.1504|0.27%
2013-03-04|0.15|-0.27%
2013-03-05|0.148|-1.33%
2013-03-06|0.154|4.05%
2013-03-07|0.154|0.00%
2013-03-08|0.152|-1.30%
2013-03-09|0.1518|-0.13%
2013-03-11|0.152|0.13%
2013-03-12|0.152|0.00%
2013-03-13|0.147|-3.29%
2013-03-14|0.147|0.00%
2013-03-15|0.144|-2.04%
2013-03-16|0.1442|0.14%
2013-03-18|0.139|-3.61%
2013-03-19|0.134|-3.60%
2013-03-20|0.134|0.00%
2013-03-21|0.132|-1.49%
2013-03-22|0.132|0.00%
2013-03-23|0.1315|-0.38%
2013-03-25|0.132|0.38%
2013-03-26|0.132|0.00%
2013-03-27|0.126|-4.55%
2013-03-28|0.129|2.38%
2013-03-29|0.129|0.00%
2013-04-01|0.132|2.33%
2013-04-02|0.132|0.00%
2013-04-03|0.131|-0.76%
2013-04-04|0.134|2.29%
2013-04-05|0.131|-2.24%
2013-04-08|0.129|-1.53%
2013-04-09|0.129|0.00%
2013-04-10|0.126|-2.33%
2013-04-11|0.124|-1.59%
2013-04-12|0.119|-4.03%
2013-04-13|0.1185|-0.42%
2013-04-15|0.116|-2.11%
2013-04-16|0.116|0.00%
2013-04-17|0.113|-2.59%
2013-04-18|0.111|-1.77%
2013-04-19|0.111|0.00%
2013-04-20|0.1109|-0.09%
2013-04-22|0.108|-2.61%
2013-04-23|0.108|0.00%
2013-04-24|0.106|-1.85%
2013-04-25|0.106|0.00%
2013-04-26|0.106|0.00%
2013-04-27|0.1059|-0.09%
2013-04-29|0.103|-2.74%
2013-04-30|0.103|0.00%
2013-05-01|0.109|5.83%
2013-05-02|0.106|-2.75%
2013-05-03|0.111|4.72%
2013-05-04|0.1113|0.27%
2013-05-06|0.106|-4.76%
2013-05-07|0.106|0.00%
2013-05-08|0.106|0.00%
2013-05-09|0.106|0.00%
2013-05-10|0.111|4.72%
2013-05-11|0.1113|0.27%
2013-05-13|0.111|-0.27%
2013-05-14|0.111|0.00%
2013-05-15|0.111|0.00%
2013-05-16|0.106|-4.50%
2013-05-17|0.106|0.00%
2013-05-18|0.1062|0.19%
2013-05-20|0.109|2.64%
2013-05-21|0.104|-4.59%
2013-05-22|0.106|1.92%
2013-05-23|0.106|0.00%
2013-05-24|0.109|2.83%
2013-05-25|0.1087|-0.28%
2013-05-28|0.119|9.48%
2013-05-29|0.126|5.88%
2013-05-30|0.129|2.38%
2013-05-31|0.137|6.20%
2013-06-01|0.1366|-0.29%
2013-06-03|0.134|-1.90%
2013-06-04|0.134|0.00%
2013-06-05|0.132|-1.49%
2013-06-06|0.132|0.00%
2013-06-07|0.126|-4.55%
2013-06-08|0.1265|0.40%
2013-06-10|0.126|-0.40%
2013-06-11|0.129|2.38%
2013-06-12|0.126|-2.33%
2013-06-13|0.121|-3.97%
2013-06-14|0.116|-4.13%
2013-06-15|0.1163|0.26%
2013-06-17|0.116|-0.26%
2013-06-18|0.119|2.59%
2013-06-19|0.124|4.20%
2013-06-20|0.121|-2.42%
2013-06-21|0.124|2.48%
2013-06-22|0.1239|-0.08%
2013-06-24|0.134|8.15%
2013-06-25|0.137|2.24%
2013-06-26|0.162|18.25%
2013-06-27|0.151|-6.79%
2013-06-28|0.146|-3.31%
2013-06-29|0.1463|0.21%
2013-07-01|0.144|-1.57%
2013-07-02|0.134|-6.94%
2013-07-03|0.134|0.00%
2013-07-04|0.1337|-0.22%
2013-07-05|0.141|5.46%
2013-07-06|0.1412|0.14%
2013-07-08|0.126|-10.76%
2013-07-09|0.124|-1.59%
2013-07-10|0.121|-2.42%
2013-07-11|0.111|-8.26%
2013-07-12|0.111|0.00%
2013-07-13|0.1109|-0.09%
2013-07-15|0.098|-11.63%
2013-07-16|0.093|-5.10%
2013-07-17|0.096|3.23%
2013-07-18|0.098|2.08%
2013-07-19|0.098|0.00%
2013-07-20|0.0983|0.31%
2013-07-22|0.096|-2.34%
2013-07-23|0.098|2.08%
2013-07-24|0.121|23.47%
2013-07-25|0.114|-5.79%
2013-07-26|0.111|-2.63%
2013-07-27|0.1113|0.27%
2013-07-29|0.111|-0.27%
2013-07-30|0.111|0.00%
2013-07-31|0.111|0.00%
2013-08-01|0.114|2.70%
2013-08-02|0.106|-7.02%
2013-08-03|0.1062|0.19%
2013-08-05|0.109|2.64%
2013-08-06|0.109|0.00%
2013-08-07|0.106|-2.75%
2013-08-08|0.104|-1.89%
2013-08-09|0.106|1.92%
2013-08-10|0.1062|0.19%
2013-08-12|0.106|-0.19%
2013-08-13|0.111|4.72%
2013-08-14|0.109|-1.80%
2013-08-15|0.116|6.42%
2013-08-16|0.116|0.00%
2013-08-19|0.121|4.31%
2013-08-20|0.119|-1.65%
2013-08-21|0.139|16.81%
2013-08-22|0.132|-5.04%
2013-08-23|0.129|-2.27%
2013-08-26|0.129|0.00%
2013-08-27|0.124|-3.88%
2013-08-28|0.124|0.00%
2013-08-29|0.121|-2.42%
2013-08-30|0.121|0.00%
2013-09-02|0.1239|2.40%
2013-09-03|0.124|0.08%
2013-09-04|0.134|8.06%
2013-09-05|0.144|7.46%
2013-09-06|0.129|-10.42%
2013-09-07|0.129|0.00%
2013-09-09|0.111|-13.95%
2013-09-10|0.114|2.70%
2013-09-11|0.111|-2.63%
2013-09-12|0.106|-4.50%
2013-09-13|0.109|2.83%
2013-09-16|0.104|-4.59%
2013-09-17|0.106|1.92%
2013-09-18|0.105|-0.94%
2013-09-19|0.103|-1.90%
2013-09-20|0.103|0.00%
2013-09-23|0.1|-2.91%
2013-09-24|0.1|0.00%
2013-09-25|0.1|0.00%
2013-09-26|0.093|-7.00%
2013-09-27|0.09|-3.23%
2013-09-30|0.09|0.00%
2013-10-01|0.095|5.56%
2013-10-02|0.09|-5.26%
2013-10-03|0.095|5.56%
2013-10-04|0.098|3.16%
2013-10-07|0.105|7.14%
2013-10-08|0.135|28.57%
2013-10-09|0.14|3.70%
2013-10-10|0.132|-5.71%
2013-10-11|0.129|-2.27%
2013-10-14|0.1303|1.01%
2013-10-15|0.152|16.65%
2013-10-16|0.134|-11.84%
2013-10-17|0.129|-3.73%
2013-10-18|0.122|-5.43%
2013-10-21|0.114|-6.56%
2013-10-22|0.101|-11.40%
2013-10-23|0.101|0.00%
2013-10-24|0.104|2.97%
2013-10-25|0.101|-2.88%
2013-10-28|0.101|0.00%
2013-10-29|0.101|0.00%
2013-10-30|0.101|0.00%
2013-10-31|0.096|-4.95%
2013-11-01|0.094|-2.08%
2013-11-04|0.096|2.13%
2013-11-05|0.104|8.33%
2013-11-06|0.096|-7.69%
2013-11-07|0.099|3.12%
2013-11-08|0.107|8.08%
2013-11-11|0.1081|1.03%
2013-11-12|0.109|0.83%
2013-11-13|0.134|22.94%
2013-11-14|0.127|-5.22%
2013-11-15|0.127|0.00%
2013-11-18|0.129|1.57%
2013-11-19|0.132|2.33%
2013-11-20|0.122|-7.58%
2013-11-21|0.122|0.00%
2013-11-22|0.122|0.00%
2013-11-25|0.122|0.00%
2013-11-26|0.122|0.00%
2013-11-27|0.122|0.00%
2013-11-28|0.1203|-1.39%
2013-11-29|0.119|-1.08%
2013-12-02|0.122|2.52%
2013-12-03|0.122|0.00%
2013-12-04|0.124|1.64%
2013-12-05|0.124|0.00%
2013-12-06|0.124|0.00%
2013-12-09|0.122|-1.61%
2013-12-10|0.114|-6.56%
2013-12-11|0.134|17.54%
2013-12-12|0.137|2.24%
2013-12-13|0.137|0.00%
2013-12-16|0.134|-2.19%
2013-12-17|0.134|0.00%
2013-12-18|0.132|-1.49%
2013-12-19|0.134|1.52%
2013-12-20|0.134|0.00%
2013-12-23|0.129|-3.73%
2013-12-24|0.129|0.00%
2013-12-25|0.1308|1.40%
2013-12-26|0.124|-5.20%
2013-12-27|0.117|-5.65%
2013-12-30|0.117|0.00%
2013-12-31|0.117|0.00%
2014-01-01|0.1156|-1.20%
2014-01-02|0.112|-3.11%
2014-01-03|0.114|1.79%
2014-01-06|0.109|-4.39%
2014-01-07|0.104|-4.59%
2014-01-08|0.129|24.04%
2014-01-09|0.127|-1.55%
2014-01-10|0.119|-6.30%
2014-01-13|0.112|-5.88%
2014-01-14|0.112|0.00%
2014-01-15|0.117|4.46%
2014-01-16|0.107|-8.55%
2014-01-17|0.107|0.00%
2014-01-20|0.1078|0.75%
2014-01-21|0.107|-0.74%
2014-01-22|0.104|-2.80%
2014-01-23|0.099|-4.81%
2014-01-24|0.107|8.08%
2014-01-27|0.107|0.00%
2014-01-28|0.104|-2.80%
2014-01-29|0.099|-4.81%
2014-01-30|0.094|-5.05%
2014-01-31|0.091|-3.19%
2014-02-03|0.091|0.00%
2014-02-04|0.109|19.78%
2014-02-05|0.119|9.17%
2014-02-06|0.124|4.20%
2014-02-07|0.119|-4.03%
2014-02-10|0.117|-1.68%
2014-02-11|0.119|1.71%
2014-02-12|0.119|0.00%
2014-02-13|0.114|-4.20%
2014-02-14|0.104|-8.77%
2014-02-17|0.1053|1.25%
2014-02-18|0.099|-5.98%
2014-02-19|0.104|5.05%
2014-02-20|0.109|4.81%
2014-02-21|0.107|-1.83%
2014-02-24|0.104|-2.80%
2014-02-25|0.101|-2.88%
2014-02-26|0.101|0.00%
2014-02-27|0.101|0.00%
2014-02-28|0.107|5.94%
2014-03-03|0.104|-2.80%
2014-03-04|0.107|2.88%
2014-03-05|0.124|15.89%
2014-03-06|0.124|0.00%
2014-03-07|0.127|2.42%
2014-03-10|0.1265|-0.39%
2014-03-11|0.124|-1.98%
2014-03-12|0.119|-4.03%
2014-03-13|0.119|0.00%
2014-03-14|0.119|0.00%
2014-03-17|0.122|2.52%
2014-03-18|0.122|0.00%
2014-03-19|0.132|8.20%
2014-03-20|0.134|1.52%
2014-03-21|0.129|-3.73%
2014-03-24|0.129|0.00%
2014-03-25|0.122|-5.43%
2014-03-26|0.119|-2.46%
2014-03-27|0.114|-4.20%
2014-03-28|0.119|4.39%
2014-03-31|0.119|0.00%
2014-04-01|0.114|-4.20%
2014-04-02|0.122|7.02%
2014-04-03|0.109|-10.66%
2014-04-04|0.107|-1.83%
2014-04-07|0.101|-5.61%
2014-04-08|0.101|0.00%
2014-04-09|0.096|-4.95%
2014-04-10|0.091|-5.21%
2014-04-11|0.094|3.30%
2014-04-14|0.096|2.13%
2014-04-15|0.091|-5.21%
2014-04-16|0.091|0.00%
2014-04-17|0.094|3.30%
2014-04-21|0.094|0.00%
2014-04-22|0.094|0.00%
2014-04-23|0.094|0.00%
2014-04-24|0.094|0.00%
2014-04-25|0.091|-3.19%
2014-04-28|0.094|3.30%
2014-04-29|0.094|0.00%
2014-04-30|0.107|13.83%
2014-05-01|0.101|-5.61%
2014-05-02|0.104|2.97%
2014-05-05|0.099|-4.81%
2014-05-06|0.101|2.02%
2014-05-07|0.099|-1.98%
2014-05-08|0.094|-5.05%
2014-05-09|0.096|2.13%
2014-05-12|0.096|0.00%
2014-05-13|0.094|-2.08%
2014-05-14|0.086|-8.51%
2014-05-15|0.081|-5.81%
2014-05-16|0.081|0.00%
2014-05-19|0.081|0.00%
2014-05-20|0.079|-2.47%
2014-05-21|0.081|2.53%
2014-05-22|0.081|0.00%
2014-05-23|0.081|0.00%
2014-05-26|0.0807|-0.37%
2014-05-27|0.081|0.37%
2014-05-28|0.076|-6.17%
2014-05-29|0.096|26.32%
2014-05-30|0.099|3.12%
2014-06-02|0.101|2.02%
2014-06-03|0.099|-1.98%
2014-06-04|0.099|0.00%
2014-06-05|0.096|-3.03%
2014-06-06|0.096|0.00%
2014-06-09|0.096|0.00%
2014-06-10|0.101|5.21%
2014-06-11|0.099|-1.98%
2014-06-12|0.096|-3.03%
2014-06-13|0.104|8.33%
2014-06-16|0.101|-2.88%
2014-06-17|0.096|-4.95%
2014-06-18|0.091|-5.21%
2014-06-19|0.086|-5.49%
2014-06-20|0.081|-5.81%
2014-06-23|0.084|3.70%
2014-06-24|0.084|0.00%
2014-06-25|0.104|23.81%
2014-06-26|0.099|-4.81%
2014-06-27|0.104|5.05%
2014-06-30|0.107|2.88%
2014-07-01|0.107|0.00%
2014-07-02|0.109|1.87%
2014-07-03|0.104|-4.59%
2014-07-07|0.104|0.00%
2014-07-08|0.094|-9.62%
2014-07-09|0.096|2.13%
2014-07-10|0.091|-5.21%
2014-07-11|0.094|3.30%
2014-07-12|0.0933|-0.74%
2014-07-14|0.091|-2.47%
2014-07-15|0.094|3.30%
2014-07-16|0.094|0.00%
2014-07-17|0.086|-8.51%
2014-07-18|0.084|-2.33%
2014-07-21|0.089|5.95%
2014-07-22|0.089|0.00%
2014-07-23|0.107|20.22%
2014-07-24|0.109|1.87%
2014-07-25|0.107|-1.83%
2014-07-28|0.1062|-0.75%
2014-07-29|0.107|0.75%
2014-07-30|0.114|6.54%
2014-07-31|0.114|0.00%
2014-08-01|0.109|-4.39%
2014-08-02|0.1087|-0.28%
2014-08-04|0.104|-4.32%
2014-08-05|0.104|0.00%
2014-08-06|0.099|-4.81%
2014-08-07|0.091|-8.08%
2014-08-08|0.091|0.00%
2014-08-11|0.091|0.00%
2014-08-12|0.094|3.30%
2014-08-13|0.084|-10.64%
2014-08-14|0.081|-3.57%
2014-08-15|0.079|-2.47%
2014-08-18|0.084|6.33%
2014-08-19|0.084|0.00%
2014-08-20|0.114|35.71%
2014-08-21|0.101|-11.40%
2014-08-22|0.101|0.00%
2014-08-25|0.101|0.00%
2014-08-26|0.099|-1.98%
2014-08-27|0.099|0.00%
2014-08-28|0.094|-5.05%
2014-08-29|0.089|-5.32%
2014-09-01|0.0936|5.17%
2014-09-02|0.094|0.43%
2014-09-03|0.091|-3.19%
2014-09-04|0.091|0.00%
2014-09-05|0.089|-2.20%
2014-09-08|0.089|0.00%
2014-09-09|0.094|5.62%
2014-09-10|0.096|2.13%
2014-09-11|0.091|-5.21%
2014-09-12|0.089|-2.20%
2014-09-13|0.091|2.25%
2014-09-15|0.089|-2.20%
2014-09-16|0.096|7.87%
2014-09-17|0.129|34.37%
2014-09-18|0.119|-7.75%
2014-09-19|0.114|-4.20%
2014-09-22|0.101|-11.40%
2014-09-23|0.096|-4.95%
2014-09-24|0.101|5.21%
2014-09-25|0.094|-6.93%
2014-09-26|0.096|2.13%
2014-09-27|0.0953|-0.73%
2014-09-29|0.096|0.73%
2014-09-30|0.099|3.12%
2014-10-01|0.089|-10.10%
2014-10-02|0.091|2.25%
2014-10-03|0.096|5.49%
2014-10-06|0.091|-5.21%
2014-10-07|0.089|-2.20%
2014-10-08|0.084|-5.62%
2014-10-09|0.084|0.00%
2014-10-10|0.084|0.00%
2014-10-13|0.0827|-1.55%
2014-10-14|0.074|-10.52%
2014-10-15|0.076|2.70%
2014-10-16|0.101|32.89%
2014-10-17|0.101|0.00%
2014-10-20|0.099|-1.98%
2014-10-21|0.099|0.00%
2014-10-22|0.099|0.00%
2014-10-23|0.099|0.00%
2014-10-24|0.099|0.00%
2014-10-27|0.099|0.00%
2014-10-28|0.099|0.00%
2014-10-29|0.109|10.10%
2014-10-30|0.104|-4.59%
2014-10-31|0.099|-4.81%
2014-11-03|0.096|-3.03%
2014-11-04|0.096|0.00%
2014-11-05|0.096|0.00%
2014-11-06|0.099|3.12%
2014-11-07|0.099|0.00%
2014-11-10|0.099|0.00%
2014-11-11|0.1005|1.52%
2014-11-12|0.109|8.46%
2014-11-13|0.142|30.28%
2014-11-14|0.145|2.11%
2014-11-17|0.145|0.00%
2014-11-18|0.132|-8.97%
2014-11-19|0.134|1.52%
2014-11-20|0.127|-5.22%
2014-11-21|0.124|-2.36%
2014-11-24|0.124|0.00%
2014-11-25|0.124|0.00%
2014-11-26|0.124|0.00%
2014-11-27|0.1228|-0.97%
2014-11-28|0.122|-0.65%
2014-12-01|0.119|-2.46%
2014-12-02|0.122|2.52%
2014-12-03|0.122|0.00%
2014-12-04|0.124|1.64%
2014-12-05|0.142|14.52%
2014-12-08|0.15|5.63%
2014-12-09|0.165|10.00%
2014-12-10|0.211|27.88%
2014-12-11|0.208|-1.42%
2014-12-12|0.193|-7.21%
2014-12-15|0.198|2.59%
2014-12-16|0.203|2.53%
2014-12-17|0.221|8.87%
2014-12-18|0.241|9.05%
2014-12-19|0.251|4.15%
2014-12-22|0.256|1.99%
2014-12-23|0.244|-4.69%
2014-12-24|0.239|-2.05%
2014-12-25|0.239|0.00%
2014-12-26|0.236|-1.26%
2014-12-29|0.218|-7.63%
2014-12-30|0.195|-10.55%
2014-12-31|0.216|10.77%
2015-01-01|0.2188|1.30%
2015-01-02|0.223|1.92%
2015-01-05|0.218|-2.24%
2015-01-06|0.208|-4.59%
2015-01-07|0.249|19.71%
2015-01-08|0.239|-4.02%
2015-01-09|0.203|-15.06%
2015-01-12|0.188|-7.39%
2015-01-13|0.185|-1.60%
2015-01-14|0.167|-9.73%
2015-01-15|0.152|-8.98%
2015-01-16|0.16|5.26%
2015-01-19|0.158|-1.25%
2015-01-20|0.16|1.27%
2015-01-21|0.162|1.25%
2015-01-22|0.162|0.00%
2015-01-23|0.157|-3.09%
2015-01-26|0.157|0.00%
2015-01-27|0.155|-1.27%
2015-01-28|0.157|1.29%
2015-01-29|0.152|-3.18%
2015-01-30|0.147|-3.29%
2015-02-02|0.15|2.04%
2015-02-03|0.167|11.33%
2015-02-04|0.198|18.56%
2015-02-05|0.195|-1.52%
2015-02-06|0.246|26.15%
2015-02-09|0.234|-4.88%
2015-02-10|0.234|0.00%
2015-02-11|0.229|-2.14%
2015-02-12|0.229|0.00%
2015-02-13|0.221|-3.49%
2015-02-16|0.2182|-1.27%
2015-02-17|0.223|2.20%
2015-02-18|0.203|-8.97%
2015-02-19|0.211|3.94%
2015-02-20|0.213|0.95%
2015-02-23|0.208|-2.35%
2015-02-24|0.19|-8.65%
2015-02-25|0.188|-1.05%
2015-02-26|0.203|7.98%
2015-02-27|0.193|-4.93%
2015-03-02|0.195|1.04%
2015-03-03|0.195|0.00%
2015-03-04|0.25|28.21%
2015-03-05|0.234|-6.40%
2015-03-06|0.262|11.97%
2015-03-09|0.244|-6.87%
2015-03-10|0.239|-2.05%
2015-03-11|0.239|0.00%
2015-03-12|0.237|-0.84%
2015-03-13|0.237|0.00%
2015-03-16|0.242|2.11%
2015-03-17|0.26|7.44%
2015-03-18|0.209|-19.62%
2015-03-19|0.234|11.96%
2015-03-20|0.224|-4.27%
2015-03-23|0.219|-2.23%
2015-03-24|0.221|0.91%
2015-03-25|0.242|9.50%
2015-03-26|0.26|7.44%
2015-03-27|0.244|-6.15%
2015-03-30|0.247|1.23%
2015-03-31|0.229|-7.29%
2015-04-01|0.242|5.68%
2015-04-02|0.242|0.00%
2015-04-03|0.202|-16.53%
2015-04-06|0.206|1.98%
2015-04-07|0.214|3.88%
2015-04-08|0.214|0.00%
2015-04-09|0.221|3.27%
2015-04-10|0.229|3.62%
2015-04-13|0.221|-3.49%
2015-04-14|0.214|-3.17%
2015-04-15|0.204|-4.67%
2015-04-16|0.201|-1.47%
2015-04-17|0.209|3.98%
2015-04-20|0.214|2.39%
2015-04-21|0.211|-1.40%
2015-04-22|0.219|3.79%
2015-04-23|0.216|-1.37%
2015-04-24|0.214|-0.93%
2015-04-27|0.216|0.93%
2015-04-28|0.216|0.00%
2015-04-29|0.232|7.41%
2015-04-30|0.232|0.00%
2015-05-01|0.234|0.86%
2015-05-04|0.229|-2.14%
2015-05-05|0.234|2.18%
2015-05-06|0.239|2.14%
2015-05-07|0.239|0.00%
2015-05-08|0.219|-8.37%
2015-05-11|0.232|5.94%
2015-05-12|0.232|0.00%
2015-05-13|0.221|-4.74%
2015-05-14|0.206|-6.79%
2015-05-15|0.201|-2.43%
2015-05-18|0.201|0.00%
2015-05-19|0.206|2.49%
2015-05-20|0.201|-2.43%
2015-05-21|0.188|-6.47%
2015-05-22|0.209|11.17%
2015-05-25|0.2068|-1.05%
2015-05-26|0.221|6.87%
2015-05-27|0.232|4.98%
2015-05-28|0.255|9.91%
2015-05-29|0.25|-1.96%
2015-05-30|0.2505|0.20%
2015-06-01|0.247|-1.40%
2015-06-02|0.25|1.21%
2015-06-03|0.255|2.00%
2015-06-04|0.25|-1.96%
2015-06-05|0.267|6.80%
2015-06-08|0.255|-4.49%
2015-06-09|0.255|0.00%
2015-06-10|0.257|0.78%
2015-06-11|0.26|1.17%
2015-06-12|0.262|0.77%
2015-06-15|0.257|-1.91%
2015-06-16|0.255|-0.78%
2015-06-17|0.25|-1.96%
2015-06-18|0.232|-7.20%
2015-06-19|0.221|-4.74%
2015-06-22|0.232|4.98%
2015-06-23|0.318|37.07%
2015-06-24|0.288|-9.43%
2015-06-25|0.285|-1.04%
2015-06-26|0.288|1.05%
2015-06-29|0.267|-7.29%
2015-06-30|0.267|0.00%
2015-07-01|0.275|3.00%
2015-07-02|0.25|-9.09%
2015-07-06|0.237|-5.20%
2015-07-07|0.232|-2.11%
2015-07-08|0.221|-4.74%
2015-07-09|0.232|4.98%
2015-07-10|0.252|8.62%
2015-07-13|0.255|1.19%
2015-07-14|0.247|-3.14%
2015-07-15|0.25|1.21%
2015-07-16|0.255|2.00%
2015-07-17|0.26|1.96%
2015-07-18|0.2573|-1.04%
2015-07-20|0.285|10.77%
2015-07-21|0.29|1.75%
2015-07-22|0.336|15.86%
2015-07-23|0.318|-5.36%
2015-07-24|0.318|0.00%
2015-07-27|0.311|-2.20%
2015-07-28|0.316|1.61%
2015-07-29|0.321|1.58%
2015-07-30|0.347|8.10%
2015-07-31|0.316|-8.93%
2015-08-03|0.321|1.58%
2015-08-04|0.349|8.72%
2015-08-05|0.364|4.30%
2015-08-06|0.336|-7.69%
2015-08-07|0.359|6.85%
2015-08-10|0.375|4.46%
2015-08-11|0.357|-4.80%
2015-08-12|0.352|-1.40%
2015-08-13|0.372|5.68%
2015-08-14|0.377|1.34%
2015-08-17|0.372|-1.33%
2015-08-18|0.377|1.34%
2015-08-19|0.395|4.77%
2015-08-20|0.382|-3.29%
2015-08-21|0.359|-6.02%
2015-08-24|0.331|-7.80%
2015-08-25|0.349|5.44%
2015-08-26|0.341|-2.29%
2015-08-27|0.352|3.23%
2015-08-28|0.372|5.68%
2015-08-31|0.382|2.69%
2015-09-01|0.372|-2.62%
2015-09-02|0.349|-6.18%
2015-09-03|0.339|-2.87%
2015-09-04|0.354|4.42%
2015-09-07|0.3518|-0.62%
2015-09-08|0.367|4.32%
2015-09-09|0.37|0.82%
2015-09-10|0.372|0.54%
2015-09-11|0.369|-0.81%
2015-09-14|0.44|19.24%
2015-09-15|0.446|1.36%
2015-09-16|0.467|4.71%
2015-09-17|0.39|-16.49%
2015-09-18|0.344|-11.79%
2015-09-21|0.354|2.91%
2015-09-22|0.336|-5.08%
2015-09-23|0.334|-0.60%
2015-09-24|0.313|-6.29%
2015-09-25|0.334|6.71%
2015-09-28|0.324|-2.99%
2015-09-29|0.321|-0.93%
2015-09-30|0.316|-1.56%
2015-10-01|0.298|-5.70%
2015-10-02|0.232|-22.15%
2015-10-03|0.2289|-1.34%
2015-10-05|0.239|4.41%
2015-10-06|0.234|-2.09%
2015-10-07|0.247|5.56%
2015-10-08|0.244|-1.21%
2015-10-09|0.25|2.46%
2015-10-12|0.2489|-0.44%
2015-10-13|0.237|-4.78%
2015-10-14|0.211|-10.97%
2015-10-15|0.214|1.42%
2015-10-16|0.219|2.34%
2015-10-19|0.221|0.91%
2015-10-20|0.224|1.36%
2015-10-21|0.219|-2.23%
2015-10-22|0.221|0.91%
2015-10-23|0.237|7.24%
2015-10-26|0.242|2.11%
2015-10-27|0.275|13.64%
2015-10-28|0.326|18.55%
2015-10-29|0.308|-5.52%
2015-10-30|0.331|7.47%
2015-11-02|0.347|4.83%
2015-11-03|0.359|3.46%
2015-11-04|0.375|4.46%
2015-11-05|0.395|5.33%
2015-11-06|0.439|11.14%
2015-11-09|0.441|0.46%
2015-11-10|0.446|1.13%
2015-11-11|0.5065|13.57%
2015-11-12|0.51|0.69%
2015-11-13|0.492|-3.53%
2015-11-16|0.485|-1.42%
2015-11-17|0.487|0.41%
2015-11-18|0.482|-1.03%
2015-11-19|0.474|-1.66%
2015-11-20|0.472|-0.42%
2015-11-23|0.479|1.48%
2015-11-24|0.49|2.30%
2015-11-25|0.485|-1.02%
2015-11-26|0.481|-0.82%
2015-11-27|0.477|-0.83%
2015-11-30|0.487|2.10%
2015-12-01|0.477|-2.05%
2015-12-02|0.496|3.98%
2015-12-03|0.539|8.67%
2015-12-04|0.572|6.12%
2015-12-07|0.651|13.81%
2015-12-08|0.695|6.76%
2015-12-09|0.705|1.44%
2015-12-10|0.697|-1.13%
2015-12-11|0.667|-4.30%
2015-12-14|0.674|1.05%
2015-12-15|0.679|0.74%
2015-12-16|0.695|2.36%
2015-12-17|0.677|-2.59%
2015-12-18|0.654|-3.40%
2015-12-21|0.646|-1.22%
2015-12-22|0.643|-0.46%
2015-12-23|0.626|-2.64%
2015-12-24|0.625|-0.16%
2015-12-28|0.646|3.36%
2015-12-29|0.641|-0.77%
2015-12-30|0.605|-5.62%
2015-12-31|0.613|1.32%
2016-01-04|0.582|-5.06%
2016-01-05|0.566|-2.75%
2016-01-06|0.672|18.73%
2016-01-07|0.644|-4.17%
2016-01-08|0.628|-2.48%
2016-01-11|0.618|-1.59%
2016-01-12|0.618|0.00%
2016-01-13|0.595|-3.72%
2016-01-14|0.538|-9.58%
2016-01-15|0.474|-11.90%
2016-01-18|0.4634|-2.24%
2016-01-19|0.469|1.21%
2016-01-20|0.418|-10.87%
2016-01-21|0.441|5.50%
2016-01-22|0.459|4.08%
2016-01-25|0.451|-1.74%
2016-01-26|0.462|2.44%
2016-01-27|0.451|-2.38%
2016-01-28|0.451|0.00%
2016-01-29|0.451|0.00%
2016-02-01|0.472|4.66%
2016-02-02|0.464|-1.69%
2016-02-03|0.538|15.95%
2016-02-04|0.523|-2.79%
2016-02-05|0.533|1.91%
2016-02-08|0.505|-5.25%
2016-02-09|0.51|0.99%
2016-02-10|0.515|0.98%
2016-02-11|0.467|-9.32%
2016-02-12|0.485|3.85%
2016-02-15|0.4785|-1.34%
2016-02-16|0.497|3.87%
2016-02-17|0.52|4.63%
2016-02-18|0.515|-0.96%
2016-02-19|0.518|0.58%
2016-02-22|0.533|2.90%
2016-02-23|0.536|0.56%
2016-02-24|0.536|0.00%
2016-02-25|0.533|-0.56%
2016-02-26|0.572|7.32%
2016-02-29|0.602|5.24%
2016-03-01|0.641|6.48%
2016-03-02|0.662|3.28%
2016-03-03|0.652|-1.51%
2016-03-04|0.66|1.23%
2016-03-07|0.667|1.06%
2016-03-08|0.657|-1.50%
2016-03-09|0.662|0.76%
2016-03-10|0.67|1.21%
2016-03-11|0.693|3.43%
2016-03-14|0.695|0.29%
2016-03-15|0.695|0.00%
2016-03-16|0.649|-6.62%
2016-03-17|0.634|-2.31%
2016-03-18|0.608|-4.10%
2016-03-21|0.616|1.32%
2016-03-22|0.614|-0.32%
2016-03-23|0.608|-0.98%
2016-03-24|0.611|0.49%
2016-03-28|0.626|2.45%
2016-03-29|0.588|-6.07%
2016-03-30|0.616|4.76%
2016-03-31|0.593|-3.73%
2016-04-01|0.606|2.19%
2016-04-04|0.591|-2.48%
2016-04-05|0.555|-6.09%
2016-04-06|0.552|-0.54%
2016-04-07|0.527|-4.53%
2016-04-08|0.516|-2.09%
2016-04-11|0.511|-0.97%
2016-04-12|0.524|2.54%
2016-04-13|0.527|0.57%
2016-04-14|0.534|1.33%
2016-04-15|0.516|-3.37%
2016-04-18|0.509|-1.36%
2016-04-19|0.511|0.39%
2016-04-20|0.509|-0.39%
2016-04-21|0.534|4.91%
2016-04-22|0.537|0.56%
2016-04-25|0.539|0.37%
2016-04-26|0.544|0.93%
2016-04-27|0.58|6.62%
2016-04-28|0.557|-3.97%
2016-04-29|0.555|-0.36%
2016-05-02|0.55|-0.90%
2016-05-03|0.532|-3.27%
2016-05-04|0.514|-3.38%
2016-05-05|0.509|-0.97%
2016-05-06|0.509|0.00%
2016-05-09|0.501|-1.57%
2016-05-10|0.504|0.60%
2016-05-11|0.506|0.40%
2016-05-12|0.529|4.55%
2016-05-13|0.529|0.00%
2016-05-16|0.542|2.46%
2016-05-17|0.562|3.69%
2016-05-18|0.614|9.25%
2016-05-19|0.621|1.14%
2016-05-20|0.634|2.09%
2016-05-23|0.652|2.84%
2016-05-24|0.642|-1.53%
2016-05-25|0.673|4.83%
2016-05-26|0.649|-3.57%
2016-05-27|0.66|1.69%
2016-05-30|0.6802|3.06%
2016-05-31|0.672|-1.21%
2016-06-01|0.678|0.89%
2016-06-02|0.67|-1.18%
2016-06-03|0.591|-11.79%
2016-06-06|0.593|0.34%
2016-06-07|0.58|-2.19%
2016-06-08|0.575|-0.86%
2016-06-09|0.57|-0.87%
2016-06-10|0.547|-4.04%
2016-06-13|0.534|-2.38%
2016-06-14|0.539|0.94%
2016-06-15|0.511|-5.19%
2016-06-16|0.501|-1.96%
2016-06-17|0.501|0.00%
2016-06-20|0.534|6.59%
2016-06-21|0.537|0.56%
2016-06-22|0.56|4.28%
2016-06-23|0.58|3.57%
2016-06-24|0.478|-17.59%
2016-06-27|0.453|-5.23%
2016-06-28|0.445|-1.77%
2016-06-29|0.453|1.80%
2016-06-30|0.442|-2.43%
2016-07-01|0.445|0.68%
2016-07-04|0.4476|0.58%
2016-07-05|0.437|-2.37%
2016-07-06|0.45|2.97%
2016-07-07|0.455|1.11%
2016-07-08|0.47|3.30%
2016-07-11|0.491|4.47%
2016-07-12|0.504|2.65%
2016-07-13|0.499|-0.99%
2016-07-14|0.516|3.41%
2016-07-15|0.509|-1.36%
2016-07-18|0.509|0.00%
2016-07-19|0.506|-0.59%
2016-07-20|0.555|9.68%
2016-07-21|0.534|-3.78%
2016-07-22|0.537|0.56%
2016-07-25|0.547|1.86%
2016-07-26|0.555|1.46%
2016-07-27|0.532|-4.14%
2016-07-28|0.514|-3.38%
2016-07-29|0.499|-2.92%
2016-08-01|0.496|-0.60%
2016-08-02|0.499|0.60%
2016-08-03|0.506|1.40%
2016-08-04|0.504|-0.40%
2016-08-05|0.547|8.53%
2016-08-06|0.5522|0.95%
2016-08-08|0.555|0.51%
2016-08-09|0.545|-1.80%
2016-08-10|0.534|-2.02%
2016-08-11|0.547|2.43%
2016-08-12|0.542|-0.91%
2016-08-13|0.5419|-0.02%
2016-08-15|0.544|0.39%
2016-08-16|0.547|0.55%
2016-08-17|0.586|7.13%
2016-08-18|0.57|-2.73%
2016-08-19|0.586|2.81%
2016-08-22|0.583|-0.51%
2016-08-23|0.588|0.86%
2016-08-24|0.585|-0.51%
2016-08-25|0.585|0.00%
2016-08-26|0.606|3.59%
2016-08-29|0.603|-0.50%
2016-08-30|0.596|-1.16%
2016-08-31|0.596|0.00%
2016-09-01|0.593|-0.50%
2016-09-02|0.591|-0.34%
2016-09-05|0.5931|0.36%
2016-09-06|0.557|-6.09%
2016-09-07|0.56|0.54%
2016-09-08|0.568|1.43%
2016-09-09|0.57|0.35%
2016-09-12|0.562|-1.40%
2016-09-13|0.58|3.20%
2016-09-14|0.616|6.21%
2016-09-15|0.601|-2.44%
2016-09-16|0.611|1.66%
2016-09-17|0.6111|0.02%
2016-09-19|0.611|-0.02%
2016-09-20|0.619|1.31%
2016-09-21|0.621|0.32%
2016-09-22|0.588|-5.31%
2016-09-23|0.583|-0.85%
2016-09-24|0.588|0.86%
2016-09-26|0.578|-1.70%
2016-09-27|0.578|0.00%
2016-09-28|0.588|1.73%
2016-09-29|0.58|-1.36%
2016-09-30|0.593|2.24%
2016-10-03|0.614|3.54%
2016-10-04|0.626|1.95%
2016-10-05|0.634|1.28%
2016-10-06|0.639|0.79%
2016-10-07|0.639|0.00%
2016-10-10|0.639|0.00%
2016-10-11|0.649|1.56%
2016-10-12|0.688|6.01%
2016-10-13|0.657|-4.51%
2016-10-14|0.66|0.46%
2016-10-15|0.6623|0.35%
2016-10-17|0.652|-1.56%
2016-10-18|0.652|0.00%
2016-10-19|0.642|-1.53%
2016-10-20|0.647|0.78%
2016-10-21|0.652|0.77%
2016-10-24|0.655|0.46%
2016-10-25|0.657|0.31%
2016-10-26|0.657|0.00%
2016-10-27|0.66|0.46%
2016-10-28|0.649|-1.67%
2016-10-31|0.654|0.77%
2016-11-01|0.642|-1.83%
2016-11-02|0.639|-0.47%
2016-11-03|0.626|-2.03%
2016-11-04|0.608|-2.88%
2016-11-07|0.619|1.81%
2016-11-08|0.652|5.33%
2016-11-09|0.716|9.82%
2016-11-10|0.724|1.12%
2016-11-14|0.772|6.63%
2016-11-15|0.762|-1.30%
2016-11-16|0.752|-1.31%
2016-11-17|0.76|1.06%
2016-11-18|0.762|0.26%
2016-11-21|0.767|0.66%
2016-11-22|0.767|0.00%
2016-11-23|0.78|1.69%
2016-11-24|0.7774|-0.33%
2016-11-25|0.795|2.26%
2016-11-28|0.777|-2.26%
2016-11-29|0.77|-0.90%
2016-11-30|0.78|1.30%
2016-12-01|0.788|1.03%
2016-12-02|0.777|-1.40%
2016-12-05|0.795|2.32%
2016-12-06|0.795|0.00%
2016-12-07|0.839|5.53%
2016-12-08|0.839|0.00%
2016-12-09|0.855|1.91%
2016-12-12|0.854|-0.12%
2016-12-13|0.872|2.11%
2016-12-14|0.893|2.41%
2016-12-15|0.901|0.90%
2016-12-16|0.895|-0.67%
2016-12-19|0.885|-1.12%
2016-12-20|0.888|0.34%
2016-12-21|0.867|-2.36%
2016-12-22|0.859|-0.92%
2016-12-23|0.859|0.00%
2016-12-26|0.8594|0.05%
2016-12-27|0.867|0.88%
2016-12-28|0.865|-0.23%
2016-12-29|0.821|-5.09%
2016-12-30|0.818|-0.37%
2017-01-02|0.8208|0.34%
2017-01-03|0.831|1.24%
2017-01-04|0.875|5.29%
2017-01-05|0.834|-4.69%
2017-01-06|0.844|1.20%
2017-01-09|0.811|-3.91%
2017-01-10|0.811|0.00%
2017-01-11|0.813|0.25%
2017-01-12|0.801|-1.48%
2017-01-13|0.801|0.00%
2017-01-16|0.7954|-0.70%
2017-01-17|0.788|-0.93%
2017-01-18|0.795|0.89%
2017-01-19|0.808|1.64%
2017-01-20|0.8|-0.99%
2017-01-23|0.775|-3.13%
2017-01-24|0.79|1.94%
2017-01-25|0.795|0.63%
2017-01-26|0.788|-0.88%
2017-01-27|0.79|0.25%
2017-01-30|0.782|-1.01%
2017-01-31|0.767|-1.92%
2017-02-01|0.834|8.74%
2017-02-02|0.819|-1.80%
2017-02-03|0.811|-0.98%
2017-02-06|0.79|-2.59%
2017-02-07|0.788|-0.25%
2017-02-08|0.785|-0.38%
2017-02-09|0.793|1.02%
2017-02-10|0.798|0.63%
2017-02-13|0.806|1.00%
2017-02-14|0.829|2.85%
2017-02-15|0.834|0.60%
2017-02-16|0.803|-3.72%
2017-02-17|0.808|0.62%
2017-02-20|0.8004|-0.94%
2017-02-21|0.803|0.32%
2017-02-22|0.8|-0.37%
2017-02-23|0.79|-1.25%
2017-02-24|0.775|-1.90%
2017-02-27|0.782|0.90%
2017-02-28|0.8|2.30%
2017-03-01|0.924|15.50%
2017-03-02|0.978|5.84%
2017-03-03|0.968|-1.02%
2017-03-06|0.978|1.03%
2017-03-07|1.001|2.35%
2017-03-08|1.027|2.60%
2017-03-09|1.034|0.68%
2017-03-10|1.039|0.48%
2017-03-13|1.06|2.02%
2017-03-14|1.052|-0.75%
2017-03-15|1.019|-3.14%
2017-03-16|0.998|-2.06%
2017-03-17|0.988|-1.00%
2017-03-18|0.9878|-0.02%
2017-03-20|0.996|0.83%
2017-03-21|0.983|-1.31%
2017-03-22|0.97|-1.32%
2017-03-23|0.972|0.21%
2017-03-24|0.975|0.31%
2017-03-27|0.98|0.51%
2017-03-28|1.019|3.98%
2017-03-29|1.042|2.26%
2017-03-30|1.034|-0.77%
2017-03-31|1.027|-0.68%
2017-04-03|1.022|-0.49%
2017-04-04|1.029|0.68%
2017-04-05|1.029|0.00%
2017-04-06|1.037|0.78%
2017-04-07|1.063|2.51%
2017-04-10|1.063|0.00%
2017-04-11|1.045|-1.69%
2017-04-12|1.037|-0.77%
2017-04-13|1.019|-1.74%
2017-04-17|1.026|0.69%
2017-04-18|1.008|-1.75%
2017-04-19|1.006|-0.20%
2017-04-20|0.998|-0.80%
2017-04-21|0.983|-1.50%
2017-04-22|0.9774|-0.57%
2017-04-24|1.013|3.64%
2017-04-25|1.034|2.07%
2017-04-26|1.073|3.77%
2017-04-27|1.065|-0.75%
2017-04-28|1.073|0.75%
2017-05-01|1.081|0.75%
2017-05-02|1.076|-0.46%
2017-05-03|1.088|1.12%
2017-05-04|1.104|1.47%
2017-05-05|1.106|0.18%
2017-05-08|1.119|1.18%
2017-05-09|1.129|0.89%
2017-05-10|1.132|0.27%
2017-05-11|1.129|-0.27%
2017-05-12|1.111|-1.59%
2017-05-15|1.114|0.27%
2017-05-16|1.109|-0.45%
2017-05-17|1.075|-3.07%
2017-05-18|1.083|0.74%
2017-05-19|1.093|0.92%
2017-05-22|1.109|1.46%
2017-05-23|1.134|2.25%
2017-05-24|1.171|3.26%
2017-05-25|1.161|-0.85%
2017-05-26|1.161|0.00%
2017-05-29|1.158|-0.26%
2017-05-30|1.158|0.00%
2017-05-31|1.155|-0.26%
2017-06-01|1.158|0.26%
2017-06-02|1.155|-0.26%
2017-06-05|1.163|0.69%
2017-06-06|1.16|-0.26%
2017-06-07|1.171|0.95%
2017-06-08|1.178|0.60%
2017-06-09|1.196|1.53%
2017-06-12|1.204|0.67%
2017-06-13|1.207|0.25%
2017-06-14|1.189|-1.49%
2017-06-15|1.201|1.01%
2017-06-16|1.194|-0.58%
2017-06-19|1.212|1.51%
2017-06-20|1.214|0.17%
2017-06-21|1.22|0.49%
2017-06-22|1.21|-0.82%
2017-06-23|1.207|-0.25%
2017-06-26|1.207|0.00%
2017-06-27|1.215|0.66%
2017-06-28|1.212|-0.25%
2017-06-29|1.225|1.07%
2017-06-30|1.238|1.06%
2017-07-01|1.2353|-0.22%
2017-07-03|1.248|1.03%
2017-07-04|1.2455|-0.20%
2017-07-05|1.233|-1.00%
2017-07-06|1.233|0.00%
2017-07-07|1.217|-1.30%
2017-07-10|1.214|-0.25%
2017-07-11|1.204|-0.82%
2017-07-12|1.204|0.00%
2017-07-13|1.209|0.42%
2017-07-14|1.204|-0.41%
2017-07-17|1.209|0.42%
2017-07-18|1.201|-0.66%
2017-07-19|1.225|2.00%
2017-07-20|1.223|-0.16%
2017-07-21|1.22|-0.25%
2017-07-24|1.233|1.07%
2017-07-25|1.243|0.81%
2017-07-26|1.228|-1.21%
2017-07-27|1.225|-0.24%
2017-07-28|1.217|-0.65%
2017-07-31|1.222|0.41%
2017-08-01|1.217|-0.41%
2017-08-02|1.222|0.41%
2017-08-03|1.22|-0.16%
2017-08-04|1.227|0.57%
2017-08-07|1.23|0.24%
2017-08-08|1.232|0.16%
2017-08-09|1.212|-1.62%
2017-08-10|1.212|0.00%
2017-08-11|1.201|-0.91%
2017-08-14|1.212|0.92%
2017-08-15|1.237|2.06%
2017-08-16|1.246|0.73%
2017-08-17|1.236|-0.80%
2017-08-18|1.233|-0.24%
2017-08-21|1.223|-0.81%
2017-08-22|1.233|0.82%
2017-08-23|1.228|-0.41%
2017-08-24|1.235|0.57%
2017-08-25|1.233|-0.16%
2017-08-28|1.238|0.41%
2017-08-29|1.227|-0.89%
2017-08-30|1.23|0.24%
2017-08-31|1.225|-0.41%
2017-09-01|1.23|0.41%
2017-09-03|1.2324|0.20%
2017-09-05|1.22|-1.01%
2017-09-06|1.238|1.48%
2017-09-07|1.212|-2.10%
2017-09-08|1.209|-0.25%
2017-09-11|1.232|1.90%
2017-09-12|1.25|1.46%
2017-09-13|1.269|1.52%
2017-09-14|1.285|1.26%
2017-09-15|1.297|0.93%
2017-09-18|1.305|0.62%
2017-09-19|1.303|-0.15%
2017-09-20|1.318|1.15%
2017-09-21|1.308|-0.76%
2017-09-22|1.3|-0.61%
2017-09-25|1.295|-0.38%
2017-09-26|1.3|0.39%
2017-09-27|1.31|0.77%
2017-09-28|1.3|-0.76%
2017-09-29|1.3|0.00%
2017-10-02|1.294|-0.46%
2017-10-03|1.297|0.23%
2017-10-04|1.318|1.62%
2017-10-05|1.338|1.52%
2017-10-06|1.346|0.60%
2017-10-09|1.3432|-0.21%
2017-10-10|1.366|1.70%
2017-10-11|1.404|2.78%
2017-10-12|1.406|0.14%
2017-10-13|1.396|-0.71%
2017-10-16|1.411|1.07%
2017-10-17|1.409|-0.14%
2017-10-18|1.414|0.35%
2017-10-19|1.406|-0.57%
2017-10-20|1.419|0.92%
2017-10-23|1.413|-0.42%
2017-10-24|1.419|0.42%
2017-10-25|1.419|0.00%
2017-10-26|1.424|0.35%
2017-10-27|1.418|-0.42%
2017-10-30|1.418|0.00%
2017-10-31|1.429|0.78%
2017-11-01|1.442|0.91%
2017-11-02|1.447|0.35%
2017-11-03|1.47|1.59%
2017-11-06|1.485|1.02%
2017-11-07|1.493|0.54%
2017-11-08|1.523|2.01%
2017-11-09|1.525|0.13%
2017-11-10|1.538|0.85%
2017-11-13|1.543|0.33%
2017-11-14|1.554|0.71%
2017-11-15|1.551|-0.19%
2017-11-16|1.579|1.81%
2017-11-17|1.59|0.70%
2017-11-20|1.603|0.82%
2017-11-21|1.61|0.44%
2017-11-22|1.592|-1.12%
2017-11-23|1.605|0.82%
2017-11-24|1.6|-0.31%
2017-11-27|1.602|0.12%
2017-11-28|1.6|-0.12%
2017-11-29|1.605|0.31%
2017-11-30|1.618|0.81%
2017-12-01|1.617|-0.06%
2017-12-04|1.651|2.10%
2017-12-05|1.667|0.97%
2017-12-06|1.673|0.36%
2017-12-07|1.676|0.18%
2017-12-08|1.665|-0.66%
2017-12-11|1.681|0.96%
2017-12-12|1.689|0.48%
2017-12-13|1.67|-1.12%
2017-12-14|1.683|0.78%
2017-12-15|1.694|0.65%
2017-12-16|1.6961|0.12%
2017-12-18|1.699|0.17%
2017-12-19|1.709|0.59%
2017-12-20|1.712|0.18%
2017-12-21|1.717|0.29%
2017-12-22|1.724|0.41%
2017-12-25|1.7242|0.01%
2017-12-26|1.729|0.28%
2017-12-27|1.724|-0.29%
2017-12-28|1.74|0.93%
2017-12-29|1.737|-0.17%
2018-01-01|1.7394|0.14%
2018-01-02|1.796|3.25%
2018-01-03|1.814|1.00%
2018-01-04|1.806|-0.44%
2018-01-05|1.803|-0.17%
2018-01-08|1.787|-0.89%
2018-01-09|1.785|-0.11%
2018-01-10|1.78|-0.28%
2018-01-11|1.772|-0.45%
2018-01-12|1.782|0.56%
2018-01-15|1.7818|-0.01%
2018-01-16|1.782|0.01%
2018-01-17|1.776|-0.34%
2018-01-18|1.771|-0.28%
2018-01-19|1.776|0.28%
2018-01-22|1.781|0.28%
2018-01-23|1.761|-1.12%
2018-01-24|1.771|0.57%
2018-01-25|1.776|0.28%
2018-01-26|1.786|0.56%
2018-01-29|1.781|-0.28%
2018-01-30|1.781|0.00%
2018-01-31|1.897|6.51%
2018-02-01|1.895|-0.11%
2018-02-02|1.881|-0.74%
2018-02-05|1.858|-1.22%
2018-02-06|1.858|0.00%
2018-02-07|1.894|1.94%
2018-02-08|1.899|0.26%
2018-02-09|1.881|-0.95%
2018-02-12|1.925|2.34%
2018-02-13|1.938|0.68%
2018-02-14|1.969|1.60%
2018-02-15|1.985|0.81%
2018-02-16|1.979|-0.30%
2018-02-19|1.9792|0.01%
2018-02-20|2|1.05%
2018-02-21|2.008|0.40%
2018-02-22|2.01|0.10%
2018-02-23|2.005|-0.25%
2018-02-26|2.015|0.50%
2018-02-27|2.025|0.50%
2018-02-28|2.07|2.22%
2018-03-01|2.041|-1.40%
2018-03-02|2.048|0.34%
2018-03-05|2.053|0.24%
2018-03-06|2.053|0.00%
2018-03-07|2.045|-0.39%
2018-03-08|2.04|-0.24%
2018-03-09|2.032|-0.39%
2018-03-12|2.029|-0.15%
2018-03-13|2.032|0.15%
2018-03-14|2.037|0.25%
2018-03-15|2.055|0.88%
2018-03-16|2.06|0.24%
2018-03-19|2.068|0.39%
2018-03-20|2.068|0.00%
2018-03-21|2.049|-0.92%
2018-03-22|2.039|-0.49%
2018-03-23|2.02|-0.93%
2018-03-26|2.033|0.64%
2018-03-27|2.033|0.00%
2018-03-28|2.111|3.84%
2018-03-29|2.09|-0.99%
2018-04-02|2.085|-0.24%
2018-04-03|2.082|-0.14%
2018-04-04|2.066|-0.77%
2018-04-05|2.074|0.39%
2018-04-06|2.055|-0.92%
2018-04-09|2.066|0.54%
2018-04-10|2.071|0.24%
2018-04-11|2.068|-0.14%
2018-04-12|2.089|1.02%
2018-04-13|2.099|0.48%
2018-04-16|2.11|0.52%
2018-04-17|2.133|1.09%
2018-04-18|2.159|1.22%
2018-04-19|2.183|1.11%
2018-04-20|2.201|0.82%
2018-04-23|2.216|0.68%
2018-04-24|2.221|0.23%
2018-04-25|2.253|1.44%
2018-04-26|2.242|-0.49%
2018-04-27|2.239|-0.13%
2018-04-30|2.239|0.00%
2018-05-01|2.252|0.58%
2018-05-02|2.239|-0.58%
2018-05-03|2.231|-0.36%
2018-05-04|2.236|0.22%
2018-05-07|2.241|0.22%
2018-05-08|2.244|0.13%
2018-05-09|2.251|0.31%
2018-05-10|2.254|0.13%
2018-05-11|2.259|0.22%
2018-05-14|2.266|0.31%
2018-05-15|2.285|0.84%
2018-05-16|2.282|-0.13%
2018-05-17|2.295|0.57%
2018-05-18|2.297|0.09%
2018-05-21|2.323|1.13%
2018-05-22|2.31|-0.56%
2018-05-23|2.297|-0.56%
2018-05-24|2.271|-1.13%
2018-05-25|2.255|-0.70%
2018-05-28|2.2548|-0.01%
2018-05-29|2.158|-4.29%
2018-05-30|2.21|2.41%
2018-05-31|2.226|0.72%
2018-06-01|2.262|1.62%
2018-06-04|2.291|1.28%
2018-06-05|2.285|-0.26%
2018-06-06|2.304|0.83%
2018-06-07|2.298|-0.26%
2018-06-08|2.293|-0.22%
2018-06-11|2.308|0.65%
2018-06-12|2.314|0.26%
2018-06-13|2.332|0.78%
2018-06-14|2.321|-0.47%
2018-06-15|2.316|-0.22%
2018-06-18|2.323|0.30%
2018-06-19|2.321|-0.09%
2018-06-20|2.352|1.34%
2018-06-21|2.337|-0.64%
2018-06-22|2.328|-0.39%
2018-06-25|2.326|-0.09%
2018-06-26|2.328|0.09%
2018-06-27|2.318|-0.43%
2018-06-28|2.315|-0.13%
2018-06-29|2.322|0.30%
2018-07-02|2.327|0.22%
2018-07-03|2.317|-0.43%
2018-07-04|2.3142|-0.12%
2018-07-05|2.317|0.12%
2018-07-06|2.314|-0.13%
2018-07-09|2.324|0.43%
2018-07-10|2.329|0.22%
2018-07-11|2.334|0.21%
2018-07-12|2.347|0.56%
2018-07-13|2.35|0.13%
2018-07-16|2.368|0.77%
2018-07-17|2.376|0.34%
2018-07-18|2.41|1.43%
2018-07-19|2.397|-0.54%
2018-07-20|2.394|-0.13%
2018-07-23|2.407|0.54%
2018-07-24|2.402|-0.21%
2018-07-25|2.401|-0.04%
2018-07-26|2.412|0.46%
2018-07-27|2.409|-0.12%
2018-07-30|2.414|0.21%
2018-07-31|2.417|0.12%
2018-08-01|2.432|0.62%
2018-08-02|2.422|-0.41%
2018-08-03|2.419|-0.12%
2018-08-06|2.418|-0.04%
2018-08-07|2.426|0.33%
2018-08-08|2.426|0.00%
2018-08-09|2.421|-0.21%
2018-08-10|2.399|-0.91%
2018-08-13|2.407|0.33%
2018-08-14|2.412|0.21%
2018-08-15|2.442|1.24%
2018-08-16|2.447|0.20%
2018-08-17|2.436|-0.45%
2018-08-20|2.425|-0.45%
2018-08-21|2.433|0.33%
2018-08-22|2.425|-0.33%
2018-08-23|2.428|0.12%
2018-08-24|2.433|0.21%
2018-08-27|2.446|0.53%
2018-08-28|2.456|0.41%
2018-08-29|2.461|0.20%
2018-08-30|2.45|-0.45%
2018-08-31|2.455|0.20%
2018-09-03|2.4526|-0.10%
2018-09-04|2.479|1.08%
2018-09-05|2.476|-0.12%
2018-09-06|2.476|0.00%
2018-09-07|2.512|1.45%
2018-09-10|2.512|0.00%
2018-09-11|2.522|0.40%
2018-09-12|2.547|0.99%
2018-09-13|2.552|0.20%
2018-09-14|2.562|0.39%
2018-09-17|2.565|0.12%
2018-09-18|2.572|0.27%
2018-09-19|2.575|0.12%
2018-09-20|2.575|0.00%
2018-09-21|2.574|-0.04%
2018-09-24|2.577|0.12%
2018-09-25|2.582|0.19%
2018-09-26|2.579|-0.12%
2018-09-27|2.577|-0.08%
2018-09-28|2.571|-0.23%
2018-10-01|2.579|0.31%
2018-10-02|2.581|0.08%
2018-10-03|2.607|1.01%
2018-10-04|2.615|0.31%
2018-10-05|2.62|0.19%
2018-10-08|2.6197|-0.01%
2018-10-09|2.627|0.28%
2018-10-10|2.671|1.67%
2018-10-11|2.652|-0.71%
2018-10-12|2.646|-0.23%
2018-10-15|2.665|0.72%
2018-10-16|2.657|-0.30%
2018-10-17|2.657|0.00%
2018-10-18|2.662|0.19%
2018-10-19|2.667|0.19%
2018-10-22|2.666|-0.04%
2018-10-23|2.653|-0.49%
2018-10-24|2.637|-0.60%
2018-10-25|2.648|0.42%
2018-10-26|2.626|-0.83%
2018-10-29|2.642|0.61%
2018-10-30|2.644|0.08%
2018-10-31|2.665|0.79%
2018-11-01|2.657|-0.30%
2018-11-02|2.68|0.87%
2018-11-05|2.683|0.11%
2018-11-06|2.698|0.56%
2018-11-07|2.737|1.45%
2018-11-08|2.739|0.07%
2018-11-09|2.731|-0.29%
2018-11-12|2.7281|-0.11%
2018-11-13|2.723|-0.19%
2018-11-14|2.709|-0.51%
2018-11-15|2.699|-0.37%
2018-11-16|2.674|-0.93%
2018-11-19|2.659|-0.56%
2018-11-20|2.661|0.08%
2018-11-21|2.669|0.30%
2018-11-22|2.666|-0.11%
2018-11-23|2.666|0.00%
2018-11-26|2.676|0.38%
2018-11-27|2.681|0.19%
2018-11-28|2.676|-0.19%
2018-11-29|2.681|0.19%
2018-11-30|2.691|0.37%
2018-12-03|2.707|0.59%
2018-12-04|2.706|-0.04%
2018-12-05|2.7209|0.55%
2018-12-06|2.702|-0.69%
2018-12-07|2.683|-0.70%
2018-12-10|2.689|0.22%
2018-12-11|2.704|0.56%
2018-12-12|2.701|-0.11%
2018-12-13|2.691|-0.37%
2018-12-14|2.674|-0.63%
2018-12-17|2.659|-0.56%
2018-12-18|2.637|-0.83%
2018-12-19|2.635|-0.08%
2018-12-20|2.634|-0.04%
2018-12-21|2.629|-0.19%
2018-12-24|2.607|-0.84%
2018-12-25|2.589|-0.69%
2018-12-26|2.602|0.50%
2018-12-27|2.578|-0.92%
2018-12-28|2.586|0.31%
2018-12-31|2.601|0.58%
2019-01-01|2.626|0.96%
2019-01-02|2.605|-0.80%
2019-01-03|2.507|-3.76%
2019-01-04|2.565|2.31%
2019-01-07|2.575|0.39%
2019-01-08|2.604|1.13%
2019-01-09|2.593|-0.42%
2019-01-10|2.593|0.00%
2019-01-11|2.577|-0.62%
2019-01-14|2.574|-0.12%
2019-01-15|2.566|-0.31%
2019-01-16|2.566|0.00%
2019-01-17|2.574|0.31%
2019-01-18|2.594|0.78%
2019-01-21|2.597|0.12%
2019-01-22|2.586|-0.42%
2019-01-23|2.591|0.19%
2019-01-24|2.578|-0.50%
2019-01-25|2.596|0.70%
2019-01-28|2.599|0.12%
2019-01-29|2.591|-0.31%
2019-01-30|2.584|-0.27%
2019-01-31|2.552|-1.24%
2019-02-01|2.567|0.59%
2019-02-04|2.567|0.00%
2019-02-05|2.562|-0.19%
2019-02-06|2.557|-0.20%
2019-02-07|2.535|-0.86%
2019-02-08|2.535|0.00%
2019-02-11|2.545|0.39%
2019-02-12|2.545|0.00%
2019-02-13|2.55|0.20%
2019-02-14|2.532|-0.71%
2019-02-15|2.544|0.47%
2019-02-18|2.5445|0.02%
2019-02-19|2.544|-0.02%
2019-02-20|2.539|-0.20%
2019-02-21|2.549|0.39%
2019-02-22|2.544|-0.20%
2019-02-25|2.554|0.39%
2019-02-26|2.538|-0.63%
2019-02-27|2.547|0.35%
2019-02-28|2.542|-0.20%
2019-03-01|2.554|0.47%
2019-03-04|2.541|-0.51%
2019-03-05|2.546|0.20%
2019-03-06|2.538|-0.31%
2019-03-07|2.527|-0.43%
2019-03-08|2.524|-0.12%
2019-03-11|2.532|0.32%
2019-03-12|2.524|-0.32%
2019-03-13|2.519|-0.20%
2019-03-14|2.519|0.00%
2019-03-15|2.518|-0.04%
2019-03-18|2.516|-0.08%
2019-03-19|2.502|-0.56%
2019-03-20|2.471|-1.24%
2019-03-21|2.481|0.40%
2019-03-22|2.457|-0.97%
2019-03-25|2.428|-1.18%
2019-03-26|2.428|0.00%
2019-03-27|2.396|-1.32%
2019-03-28|2.396|0.00%
2019-03-29|2.401|0.21%
2019-04-01|2.416|0.62%
2019-04-02|2.406|-0.41%
2019-04-03|2.413|0.29%
2019-04-04|2.411|-0.08%
2019-04-05|2.426|0.62%
2019-04-08|2.429|0.12%
2019-04-09|2.423|-0.25%
2019-04-10|2.413|-0.41%
2019-04-11|2.42|0.29%
2019-04-12|2.436|0.66%
2019-04-15|2.436|0.00%
2019-04-16|2.446|0.41%
2019-04-17|2.446|0.00%
2019-04-18|2.443|-0.12%
2019-04-22|2.453|0.41%
2019-04-23|2.437|-0.65%
2019-04-24|2.425|-0.49%
2019-04-25|2.427|0.08%
2019-04-26|2.411|-0.66%
2019-04-29|2.411|0.00%
2019-04-30|2.382|-1.20%
2019-05-01|2.382|0.00%
2019-05-02|2.403|0.88%
2019-05-03|2.405|0.08%
2019-05-06|2.389|-0.67%
2019-05-07|2.371|-0.75%
2019-05-08|2.376|0.21%
2019-05-09|2.368|-0.34%
2019-05-10|2.362|-0.25%
2019-05-13|2.328|-1.44%
2019-05-14|2.328|0.00%
2019-05-15|2.312|-0.69%
2019-05-16|2.335|0.99%
2019-05-17|2.338|0.13%
2019-05-20|2.345|0.30%
2019-05-21|2.372|1.15%
2019-05-22|2.361|-0.46%
2019-05-23|2.317|-1.86%
2019-05-24|2.332|0.65%
2019-05-27|2.3267|-0.23%
2019-05-28|2.311|-0.67%
2019-05-29|2.3|-0.48%
2019-05-30|2.305|0.22%
2019-05-31|2.216|-3.86%
2019-06-03|2.137|-3.56%
2019-06-04|2.126|-0.51%
2019-06-05|2.053|-3.43%
2019-06-06|2.042|-0.54%
2019-06-07|2.006|-1.76%
2019-06-10|2.026|1.00%
2019-06-11|2.058|1.58%
2019-06-12|2.034|-1.17%
2019-06-13|2.005|-1.43%
2019-06-14|2.021|0.80%
2019-06-17|2.047|1.29%
2019-06-18|2.081|1.66%
2019-06-19|1.981|-4.81%
2019-06-20|1.91|-3.58%
2019-06-21|1.944|1.78%
2019-06-24|1.928|-0.82%
2019-06-25|1.941|0.67%
2019-06-26|1.972|1.60%
2019-06-27|1.949|-1.17%
2019-06-28|1.93|-0.97%
2019-07-01|1.949|0.98%
2019-07-02|1.925|-1.23%
2019-07-03|1.922|-0.16%
2019-07-04|1.9248|0.15%
2019-07-05|1.993|3.54%
2019-07-08|1.992|-0.05%
2019-07-09|2.016|1.20%
2019-07-10|1.945|-3.52%
2019-07-11|1.969|1.23%
2019-07-12|1.963|-0.30%
2019-07-15|1.966|0.15%
2019-07-16|1.992|1.32%
2019-07-17|1.947|-2.26%
2019-07-18|1.908|-2.00%
2019-07-19|1.939|1.62%
2019-07-22|1.949|0.52%
2019-07-23|1.973|1.23%
2019-07-24|1.972|-0.05%
2019-07-25|1.988|0.81%
2019-07-26|1.993|0.25%
2019-07-29|1.988|-0.25%
2019-07-30|1.985|-0.15%
2019-07-31|2.006|1.06%
2019-08-01|1.886|-5.98%
2019-08-02|1.867|-1.01%
2019-08-05|1.799|-3.64%
2019-08-06|1.825|1.45%
2019-08-07|1.763|-3.40%
2019-08-08|1.791|1.59%
2019-08-09|1.794|0.17%
2019-08-12|1.773|-1.17%
2019-08-13|1.869|5.41%
2019-08-14|1.785|-4.49%
2019-08-15|1.72|-3.64%
2019-08-16|1.699|-1.22%
2019-08-19|1.745|2.71%
2019-08-20|1.735|-0.57%
2019-08-21|1.774|2.25%
2019-08-22|1.795|1.18%
2019-08-23|1.732|-3.51%
2019-08-26|1.758|1.50%
2019-08-27|1.763|0.28%
2019-08-28|1.75|-0.74%
2019-08-29|1.766|0.91%
2019-08-30|1.773|0.40%
2019-09-02|1.7732|0.01%
2019-09-03|1.739|-1.93%
2019-09-04|1.703|-2.07%
2019-09-05|1.752|2.88%
2019-09-06|1.747|-0.29%
2019-09-09|1.76|0.74%
2019-09-10|1.814|3.07%
2019-09-11|1.79|-1.32%
2019-09-12|1.821|1.73%
2019-09-13|1.871|2.75%
2019-09-16|1.868|-0.16%
2019-09-17|1.871|0.16%
2019-09-18|1.855|-0.86%
2019-09-19|1.878|1.24%
2019-09-20|1.852|-1.38%
2019-09-23|1.813|-2.11%
2019-09-24|1.794|-1.05%
2019-09-25|1.82|1.45%
2019-09-26|1.781|-2.14%
2019-09-27|1.76|-1.18%
2019-09-30|1.768|0.45%
2019-10-01|1.737|-1.75%
2019-10-02|1.677|-3.45%
2019-10-03|1.606|-4.23%
2019-10-04|1.601|-0.31%
2019-10-07|1.653|3.25%
2019-10-08|1.601|-3.15%
2019-10-09|1.6|-0.06%
2019-10-10|1.618|1.13%
2019-10-11|1.657|2.41%
2019-10-14|1.6672|0.62%
2019-10-15|1.646|-1.27%
2019-10-16|1.594|-3.16%
2019-10-17|1.594|0.00%
2019-10-18|1.578|-1.00%
2019-10-21|1.589|0.70%
2019-10-22|1.586|-0.19%
2019-10-23|1.586|0.00%
2019-10-24|1.596|0.63%
2019-10-25|1.607|0.69%
2019-10-28|1.612|0.31%
2019-10-29|1.596|-0.99%
2019-10-30|1.596|0.00%
2019-10-31|1.529|-4.20%
2019-11-01|1.528|-0.07%
2019-11-04|1.56|2.09%
2019-11-05|1.601|2.63%
2019-11-06|1.579|-1.37%
2019-11-07|1.587|0.51%
2019-11-08|1.581|-0.38%
2019-11-11|1.5839|0.18%
2019-11-12|1.584|0.01%
2019-11-13|1.566|-1.14%
2019-11-14|1.553|-0.83%
2019-11-15|1.547|-0.39%
2019-11-18|1.545|-0.13%
2019-11-19|1.542|-0.19%
2019-11-20|1.532|-0.65%
2019-11-21|1.55|1.17%
2019-11-22|1.565|0.97%
2019-11-25|1.578|0.83%
2019-11-26|1.583|0.32%
2019-11-27|1.6013|1.16%
2019-11-28|1.5935|-0.49%
2019-11-29|1.599|0.35%
2019-12-02|1.598|-0.06%
2019-12-03|1.563|-2.19%
2019-12-04|1.563|0.00%
2019-12-05|1.558|-0.32%
2019-12-06|1.563|0.32%
2019-12-09|1.558|-0.32%
2019-12-10|1.56|0.13%
2019-12-11|1.553|-0.45%
2019-12-12|1.573|1.29%
2019-12-13|1.534|-2.48%
2019-12-16|1.539|0.33%
2019-12-17|1.534|-0.32%
2019-12-18|1.526|-0.52%
2019-12-19|1.521|-0.33%
2019-12-20|1.524|0.20%
2019-12-23|1.536|0.79%
2019-12-24|1.531|-0.33%
2019-12-25|1.5312|0.01%
2019-12-26|1.529|-0.14%
2019-12-27|1.508|-1.37%
2019-12-30|1.521|0.86%
2019-12-31|1.582|4.01%
2020-01-01|1.579|-0.19%
2020-01-02|1.576|-0.19%
2020-01-03|1.542|-2.16%
2020-01-06|1.548|0.39%
2020-01-07|1.537|-0.71%
2020-01-08|1.54|0.20%
2020-01-09|1.537|-0.19%
2020-01-10|1.524|-0.85%
2020-01-13|1.532|0.52%
2020-01-14|1.534|0.13%
2020-01-15|1.544|0.65%
2020-01-16|1.547|0.19%
2020-01-17|1.555|0.52%
2020-01-20|1.5547|-0.02%
2020-01-21|1.536|-1.20%
2020-01-22|1.544|0.52%
2020-01-23|1.555|0.71%
2020-01-24|1.539|-1.03%
2020-01-27|1.541|0.13%
2020-01-28|1.544|0.19%
2020-01-29|1.511|-2.14%
2020-01-30|1.478|-2.18%
2020-01-31|1.444|-2.30%
2020-02-03|1.459|1.04%
2020-02-04|1.485|1.78%
2020-02-05|1.495|0.67%
2020-02-06|1.506|0.74%
2020-02-07|1.487|-1.26%
2020-02-10|1.464|-1.55%
2020-02-11|1.482|1.23%
2020-02-12|1.493|0.74%
2020-02-13|1.493|0.00%
2020-02-14|1.477|-1.07%
2020-02-17|1.4819|0.33%
2020-02-18|1.477|-0.33%
2020-02-19|1.482|0.34%
2020-02-20|1.469|-0.88%
2020-02-21|1.44|-1.97%
2020-02-24|1.365|-5.21%
2020-02-25|1.318|-3.44%
2020-02-26|1.257|-4.63%
2020-02-27|1.172|-6.76%
2020-02-28|0.983|-16.13%
2020-03-02|0.885|-9.97%
2020-03-03|0.718|-18.87%
2020-03-04|0.577|-19.64%
2020-03-05|0.48|-16.81%
2020-03-06|0.385|-19.79%
2020-03-09|0.29|-24.68%
2020-03-10|0.4|37.93%
2020-03-11|0.403|0.75%
2020-03-12|0.359|-10.92%
2020-03-13|0.367|2.23%
2020-03-16|0.283|-22.89%
2020-03-17|0.265|-6.36%
2020-03-18|0.188|-29.06%
2020-03-19|0.16|-14.89%
2020-03-20|0.14|-12.50%
2020-03-23|0.165|17.86%
2020-03-24|0.237|43.64%
2020-03-25|0.193|-18.57%
2020-03-26|0.129|-33.16%
2020-03-27|0.124|-3.88%
2020-03-30|0.14|12.90%
2020-03-31|0.152|8.57%
2020-04-01|0.157|3.29%
2020-04-02|0.15|-4.46%
2020-04-03|0.15|0.00%
2020-04-06|0.173|15.33%
2020-04-07|0.198|14.45%
2020-04-08|0.236|19.19%
2020-04-09|0.249|5.51%
2020-04-13|0.269|8.03%
2020-04-14|0.241|-10.41%
2020-04-15|0.19|-21.16%
2020-04-16|0.178|-6.32%
2020-04-17|0.167|-6.18%
2020-04-20|0.157|-5.99%
2020-04-21|0.145|-7.64%
2020-04-22|0.165|13.79%
2020-04-23|0.173|4.85%
2020-04-24|0.17|-1.73%
2020-04-27|0.178|4.71%
2020-04-28|0.167|-6.18%
2020-04-29|0.165|-1.20%
2020-04-30|0.167|1.21%
2020-05-01|0.167|0.00%
2020-05-04|0.165|-1.20%
2020-05-05|0.162|-1.82%
2020-05-06|0.162|0.00%
2020-05-07|0.142|-12.35%
2020-05-08|0.15|5.63%
2020-05-11|0.16|6.67%
2020-05-12|0.16|0.00%
2020-05-13|0.155|-3.12%
2020-05-14|0.157|1.29%
2020-05-15|0.147|-6.37%
2020-05-18|0.165|12.24%
2020-05-19|0.157|-4.85%
2020-05-20|0.16|1.91%
2020-05-21|0.165|3.13%
2020-05-22|0.165|0.00%
2020-05-25|0.1624|-1.58%
2020-05-26|0.173|6.53%
2020-05-27|0.183|5.78%
2020-05-28|0.18|-1.64%
2020-05-29|0.173|-3.89%
2020-06-01|0.17|-1.73%
2020-06-02|0.17|0.00%
2020-06-03|0.18|5.88%
2020-06-04|0.173|-3.89%
2020-06-05|0.183|5.78%
2020-06-08|0.188|2.73%
2020-06-09|0.188|0.00%
2020-06-10|0.185|-1.60%
2020-06-11|0.183|-1.08%
2020-06-12|0.178|-2.73%
2020-06-15|0.178|0.00%
2020-06-16|0.193|8.43%
2020-06-17|0.193|0.00%
2020-06-18|0.183|-5.18%
2020-06-19|0.178|-2.73%
2020-06-22|0.175|-1.69%
2020-06-23|0.178|1.71%
2020-06-24|0.178|0.00%
2020-06-25|0.178|0.00%
2020-06-26|0.162|-8.99%
2020-06-29|0.16|-1.23%
2020-06-30|0.16|0.00%
2020-07-01|0.162|1.25%
2020-07-02|0.157|-3.09%
2020-07-06|0.16|1.91%
2020-07-07|0.157|-1.87%
2020-07-08|0.157|0.00%
2020-07-09|0.152|-3.18%
2020-07-10|0.152|0.00%
2020-07-13|0.157|3.29%
2020-07-14|0.155|-1.27%
2020-07-15|0.152|-1.94%
2020-07-16|0.147|-3.29%
2020-07-17|0.145|-1.36%
2020-07-20|0.147|1.38%
2020-07-21|0.145|-1.36%
2020-07-22|0.142|-2.07%
2020-07-23|0.14|-1.41%
2020-07-24|0.142|1.43%
2020-07-27|0.145|2.11%
2020-07-28|0.137|-5.52%
2020-07-29|0.129|-5.84%
2020-07-30|0.117|-9.30%
2020-07-31|0.117|0.00%
2020-08-03|0.119|1.71%
2020-08-04|0.119|0.00%
2020-08-05|0.124|4.20%
2020-08-06|0.127|2.42%
2020-08-07|0.129|1.57%
2020-08-10|0.132|2.33%
2020-08-11|0.142|7.58%
2020-08-12|0.14|-1.41%
2020-08-13|0.142|1.43%
2020-08-14|0.134|-5.63%
2020-08-17|0.127|-5.22%
2020-08-18|0.127|0.00%
2020-08-19|0.124|-2.36%
2020-08-20|0.124|0.00%
2020-08-21|0.127|2.42%
2020-08-24|0.129|1.57%
2020-08-25|0.129|0.00%
2020-08-26|0.124|-3.88%
2020-08-27|0.129|4.03%
2020-08-28|0.119|-7.75%
2020-08-31|0.122|2.52%
2020-09-01|0.122|0.00%
2020-09-02|0.124|1.64%
2020-09-03|0.119|-4.03%
2020-09-04|0.129|8.40%
2020-09-08|0.137|6.20%
2020-09-09|0.137|0.00%
2020-09-10|0.14|2.19%
2020-09-11|0.137|-2.14%
2020-09-14|0.132|-3.65%
2020-09-15|0.129|-2.27%
2020-09-16|0.124|-3.88%
2020-09-17|0.119|-4.03%
2020-09-18|0.122|2.52%
2020-09-21|0.119|-2.46%
2020-09-22|0.122|2.52%
2020-09-23|0.119|-2.46%
2020-09-24|0.122|2.52%
2020-09-25|0.119|-2.46%
2020-09-28|0.119|0.00%
2020-09-29|0.117|-1.68%
2020-09-30|0.119|1.71%
2020-10-01|0.117|-1.68%
2020-10-02|0.117|0.00%
2020-10-05|0.124|5.98%
2020-10-06|0.124|0.00%
2020-10-07|0.132|6.45%
2020-10-08|0.132|0.00%
2020-10-09|0.134|1.52%
2020-10-13|0.129|-3.73%
2020-10-14|0.127|-1.55%
2020-10-15|0.127|0.00%
2020-10-16|0.127|0.00%
2020-10-19|0.132|3.94%
2020-10-20|0.127|-3.79%
2020-10-21|0.129|1.57%
2020-10-22|0.127|-1.55%
2020-10-23|0.127|0.00%
2020-10-26|0.124|-2.36%
2020-10-27|0.122|-1.61%
2020-10-28|0.122|0.00%
2020-10-29|0.127|4.10%
2020-10-30|0.127|0.00%
2020-11-02|0.122|-3.94%
2020-11-03|0.119|-2.46%
2020-11-04|0.124|4.20%
2020-11-05|0.122|-1.61%
2020-11-06|0.124|1.64%
2020-11-09|0.127|2.42%
2020-11-10|0.124|-2.36%
2020-11-11|0.1243|0.24%
2020-11-12|0.119|-4.26%
2020-11-13|0.122|2.52%
2020-11-16|0.117|-4.10%
2020-11-17|0.112|-4.27%
2020-11-18|0.109|-2.68%
2020-11-19|0.104|-4.59%
2020-11-20|0.101|-2.88%
2020-11-23|0.104|2.97%
2020-11-24|0.107|2.88%
2020-11-25|0.107|0.00%
2020-11-26|0.1065|-0.47%
2020-11-27|0.107|0.47%
2020-11-30|0.107|0.00%
2020-12-01|0.107|0.00%
2020-12-02|0.112|4.67%
2020-12-03|0.107|-4.46%
2020-12-04|0.104|-2.80%
2020-12-07|0.104|0.00%
2020-12-08|0.107|2.88%
2020-12-09|0.101|-5.61%
2020-12-10|0.099|-1.98%
2020-12-11|0.086|-13.13%
2020-12-14|0.089|3.49%
2020-12-15|0.091|2.25%
2020-12-16|0.089|-2.20%
2020-12-17|0.094|5.62%
2020-12-18|0.091|-3.19%
2020-12-21|0.091|0.00%
2020-12-22|0.089|-2.20%
2020-12-23|0.091|2.25%
2020-12-24|0.096|5.49%
2020-12-28|0.104|8.33%
2020-12-29|0.107|2.88%
2020-12-30|0.112|4.67%
2020-12-31|0.112|0.00%
2021-01-04|0.104|-7.14%
2021-01-05|0.101|-2.88%
2021-01-06|0.109|7.92%
2021-01-07|0.107|-1.83%
2021-01-08|0.101|-5.61%
2021-01-11|0.104|2.97%
2021-01-12|0.104|0.00%
2021-01-13|0.101|-2.88%
2021-01-14|0.099|-1.98%
2021-01-15|0.101|2.02%
2021-01-18|0.1015|0.50%
2021-01-19|0.101|-0.49%
2021-01-20|0.099|-1.98%
2021-01-21|0.096|-3.03%
2021-01-22|0.094|-2.08%
2021-01-25|0.091|-3.19%
2021-01-26|0.091|0.00%
2021-01-27|0.091|0.00%
2021-01-28|0.086|-5.49%
2021-01-29|0.084|-2.33%
2021-02-01|0.079|-5.95%
2021-02-02|0.081|2.53%
2021-02-03|0.076|-6.17%
2021-02-04|0.071|-6.58%
2021-02-05|0.063|-11.27%
2021-02-08|0.066|4.76%
2021-02-09|0.074|12.12%
2021-02-10|0.071|-4.05%
2021-02-11|0.071|0.00%
2021-02-12|0.066|-7.04%
2021-02-15|0.0685|3.79%
2021-02-16|0.068|-0.73%
2021-02-17|0.068|0.00%
2021-02-18|0.056|-17.65%
2021-02-19|0.056|0.00%
2021-02-22|0.056|0.00%
2021-02-23|0.074|32.14%
2021-02-24|0.076|2.70%
2021-02-25|0.089|17.11%
2021-02-26|0.079|-11.24%
2021-03-01|0.076|-3.80%
2021-03-02|0.076|0.00%
2021-03-03|0.079|3.95%
2021-03-04|0.079|0.00%
2021-03-05|0.081|2.53%
2021-03-08|0.084|3.70%
2021-03-09|0.089|5.95%
2021-03-10|0.086|-3.37%
2021-03-11|0.081|-5.81%
2021-03-12|0.076|-6.17%
2021-03-15|0.076|0.00%
2021-03-16|0.074|-2.63%
2021-03-17|0.068|-8.11%
2021-03-18|0.071|4.41%
2021-03-19|0.061|-14.08%
2021-03-22|0.066|8.20%
2021-03-23|0.063|-4.55%
2021-03-24|0.071|12.70%
2021-03-25|0.066|-7.04%
2021-03-26|0.066|0.00%
2021-03-29|0.061|-7.58%
2021-03-30|0.061|0.00%
2021-03-31|0.063|3.28%
2021-04-01|0.063|0.00%
2021-04-02|0.0685|8.73%
2021-04-05|0.061|-10.95%
2021-04-06|0.056|-8.20%
2021-04-07|0.058|3.57%
2021-04-08|0.056|-3.45%
2021-04-09|0.058|3.57%
2021-04-12|0.066|13.79%
2021-04-13|0.061|-7.58%
2021-04-14|0.061|0.00%
2021-04-15|0.063|3.28%
2021-04-16|0.063|0.00%
2021-04-19|0.061|-3.17%
2021-04-20|0.058|-4.92%
2021-04-21|0.063|8.62%
2021-04-22|0.063|0.00%
2021-04-23|0.061|-3.17%
2021-04-26|0.061|0.00%
2021-04-27|0.058|-4.92%
2021-04-28|0.053|-8.62%
2021-04-29|0.051|-3.77%
2021-04-30|0.053|3.92%
2021-05-03|0.056|5.66%
2021-05-04|0.056|0.00%
2021-05-05|0.056|0.00%
2021-05-06|0.053|-5.36%
2021-05-07|0.051|-3.77%
2021-05-10|0.048|-5.88%
2021-05-11|0.048|0.00%
2021-05-12|0.048|0.00%
2021-05-13|0.046|-4.17%
2021-05-14|0.048|4.35%
2021-05-17|0.048|0.00%
2021-05-18|0.048|0.00%
2021-05-19|0.048|0.00%
2021-05-20|0.041|-14.58%
2021-05-21|0.043|4.88%
2021-05-24|0.041|-4.65%
2021-05-25|0.043|4.88%
2021-05-26|0.041|-4.65%
2021-05-27|0.041|0.00%
2021-05-28|0.043|4.88%
2021-05-31|0.0431|0.23%
2021-06-01|0.043|-0.23%
2021-06-02|0.046|6.98%
2021-06-03|0.046|0.00%
2021-06-04|0.046|0.00%
2021-06-07|0.051|10.87%
2021-06-08|0.051|0.00%
2021-06-09|0.051|0.00%
2021-06-10|0.048|-5.88%
2021-06-11|0.051|6.25%
2021-06-14|0.051|0.00%
2021-06-15|0.061|19.61%
2021-06-16|0.084|37.70%
2021-06-17|0.071|-15.48%
2021-06-18|0.089|25.35%
2021-06-21|0.089|0.00%
2021-06-22|0.081|-8.99%
2021-06-23|0.084|3.70%
2021-06-24|0.081|-3.57%
2021-06-25|0.081|0.00%
2021-06-28|0.076|-6.17%
2021-06-29|0.074|-2.63%
2021-06-30|0.071|-4.05%
2021-07-01|0.071|0.00%
2021-07-02|0.071|0.00%
2021-07-05|0.0761|7.18%
2021-07-06|0.066|-13.27%
2021-07-07|0.068|3.03%
2021-07-08|0.063|-7.35%
2021-07-09|0.068|7.94%
2021-07-12|0.068|0.00%
2021-07-13|0.074|8.82%
2021-07-14|0.074|0.00%
2021-07-15|0.074|0.00%
2021-07-16|0.076|2.70%
2021-07-19|0.074|-2.63%
2021-07-20|0.074|0.00%
2021-07-21|0.071|-4.05%
2021-07-22|0.071|0.00%
2021-07-23|0.071|0.00%
2021-07-26|0.071|0.00%
2021-07-27|0.068|-4.23%
2021-07-28|0.066|-2.94%
2021-07-29|0.066|0.00%
2021-07-30|0.066|0.00%
2021-08-02|0.068|3.03%
2021-08-03|0.066|-2.94%
2021-08-04|0.066|0.00%
2021-08-05|0.071|7.58%
2021-08-06|0.074|4.23%
2021-08-09|0.076|2.70%
2021-08-10|0.076|0.00%
2021-08-11|0.081|6.58%
2021-08-12|0.079|-2.47%
2021-08-13|0.074|-6.33%
2021-08-16|0.074|0.00%
2021-08-17|0.071|-4.05%
2021-08-18|0.068|-4.23%
2021-08-19|0.066|-2.94%
2021-08-20|0.063|-4.55%
2021-08-23|0.063|0.00%
2021-08-24|0.063|0.00%
2021-08-25|0.066|4.76%
2021-08-26|0.066|0.00%
2021-08-27|0.068|3.03%
2021-08-30|0.066|-2.94%
2021-08-31|0.068|3.03%
2021-09-01|0.068|0.00%
2021-09-02|0.066|-2.94%
2021-09-03|0.066|0.00%
2021-09-06|0.0685|3.79%
2021-09-07|0.066|-3.65%
2021-09-08|0.074|12.12%
2021-09-09|0.074|0.00%
2021-09-10|0.071|-4.05%
2021-09-13|0.074|4.23%
2021-09-14|0.071|-4.05%
2021-09-15|0.071|0.00%
2021-09-16|0.071|0.00%
2021-09-17|0.071|0.00%
2021-09-20|0.068|-4.23%
2021-09-21|0.068|0.00%
2021-09-22|0.076|11.76%
2021-09-23|0.074|-2.63%
2021-09-24|0.079|6.76%
2021-09-27|0.079|0.00%
2021-09-28|0.081|2.53%
2021-09-29|0.079|-2.47%
2021-09-30|0.079|0.00%
2021-10-01|0.079|0.00%
2021-10-04|0.079|0.00%
2021-10-05|0.084|6.33%
2021-10-06|0.091|8.33%
2021-10-07|0.094|3.30%
2021-10-08|0.094|0.00%
2021-10-11|0.0913|-2.87%
2021-10-12|0.099|8.43%
2021-10-13|0.099|0.00%
2021-10-14|0.096|-3.03%
2021-10-15|0.101|5.21%
2021-10-18|0.104|2.97%
2021-10-19|0.101|-2.88%
2021-10-20|0.094|-6.93%
2021-10-21|0.107|13.83%
2021-10-22|0.119|11.21%
2021-10-25|0.119|0.00%
2021-10-26|0.122|2.52%
2021-10-27|0.119|-2.46%
2021-10-28|0.119|0.00%
2021-10-29|0.127|6.72%
2021-11-01|0.127|0.00%
2021-11-02|0.124|-2.36%
2021-11-03|0.17|37.10%
2021-11-04|0.15|-11.76%
2021-11-05|0.145|-3.33%
2021-11-08|0.152|4.83%
2021-11-09|0.137|-9.87%
2021-11-10|0.162|18.25%
2021-11-11|0.165|1.85%
2021-11-12|0.162|-1.82%
2021-11-15|0.165|1.85%
2021-11-16|0.165|0.00%
2021-11-17|0.16|-3.03%
2021-11-18|0.157|-1.87%
2021-11-19|0.157|0.00%
2021-11-22|0.185|17.83%
2021-11-23|0.193|4.32%
2021-11-24|0.213|10.36%
2021-11-25|0.2158|1.31%
2021-11-26|0.178|-17.52%
2021-11-29|0.193|8.43%
2021-11-30|0.221|14.51%
2021-12-01|0.254|14.93%
2021-12-02|0.262|3.15%
2021-12-03|0.256|-2.29%
2021-12-06|0.279|8.98%
2021-12-07|0.305|9.32%
2021-12-08|0.287|-5.90%
2021-12-09|0.264|-8.01%
2021-12-10|0.262|-0.76%
2021-12-13|0.254|-3.05%
2021-12-14|0.249|-1.97%
2021-12-15|0.272|9.24%
2021-12-16|0.246|-9.56%
2021-12-17|0.259|5.28%
2021-12-20|0.251|-3.09%
2021-12-21|0.267|6.37%
2021-12-22|0.264|-1.12%
2021-12-23|0.282|6.82%
2021-12-27|0.297|5.32%
2021-12-28|0.292|-1.68%
2021-12-29|0.389|33.22%
2021-12-30|0.379|-2.57%
2021-12-31|0.384|1.32%
2022-01-03|0.397|3.39%
2022-01-04|0.376|-5.29%
2022-01-05|0.404|7.45%
2022-01-06|0.432|6.93%
2022-01-07|0.417|-3.47%
2022-01-10|0.442|6.00%
2022-01-11|0.445|0.68%
2022-01-12|0.453|1.80%
2022-01-13|0.455|0.44%
2022-01-14|0.491|7.91%
2022-01-17|0.5139|4.66%
2022-01-18|0.55|7.02%
2022-01-19|0.537|-2.36%
2022-01-20|0.562|4.66%
2022-01-21|0.552|-1.78%
2022-01-24|0.555|0.54%
2022-01-25|0.606|9.19%
2022-01-26|0.675|11.39%
2022-01-27|0.749|10.96%
2022-01-28|0.754|0.67%
2022-01-31|0.767|1.72%
2022-02-01|0.77|0.39%
2022-02-02|0.744|-3.38%
2022-02-03|0.767|3.09%
2022-02-04|0.883|15.12%
2022-02-07|0.865|-2.04%
2022-02-08|0.883|2.08%
2022-02-09|0.883|0.00%
2022-02-10|1.086|22.99%
2022-02-11|1.057|-2.67%
2022-02-14|1.104|4.45%
2022-02-15|1.073|-2.81%
2022-02-16|1.049|-2.24%
2022-02-17|1.021|-2.67%
2022-02-18|0.993|-2.74%
2022-02-21|1.0262|3.34%
2022-02-22|1.091|6.31%
2022-02-23|1.15|5.41%
2022-02-24|1.076|-6.43%
2022-02-25|1.127|4.74%
2022-02-28|1.011|-10.29%
2022-03-01|0.89|-11.97%
2022-03-02|1.047|17.64%
2022-03-03|1.07|2.20%
2022-03-04|1.029|-3.83%
2022-03-07|1.045|1.55%
2022-03-08|1.086|3.92%
2022-03-09|1.122|3.31%
2022-03-10|1.155|2.94%
2022-03-11|1.168|1.13%
2022-03-14|1.227|5.05%
2022-03-15|1.212|-1.22%
2022-03-16|1.299|7.18%
2022-03-17|1.222|-5.93%
2022-03-18|1.225|0.25%
2022-03-21|1.281|4.57%
2022-03-22|1.346|5.07%
2022-03-23|1.515|12.56%
2022-03-24|1.543|1.85%
2022-03-25|1.66|7.58%
2022-03-28|1.676|0.96%
2022-03-29|1.657|-1.13%
2022-03-30|1.642|-0.91%
2022-03-31|1.608|-2.07%
2022-04-01|1.686|4.85%
2022-04-04|1.699|0.77%
2022-04-05|1.745|2.71%
2022-04-06|1.763|1.03%
2022-04-07|1.735|-1.59%
2022-04-08|1.768|1.90%
2022-04-11|1.784|0.90%
2022-04-12|1.716|-3.81%
2022-04-13|1.683|-1.92%
2022-04-14|1.737|3.21%
2022-04-18|1.768|1.78%
2022-04-19|1.828|3.39%
2022-04-20|1.936|5.91%
2022-04-21|2.017|4.18%
2022-04-22|2.061|2.18%
2022-04-25|2.022|-1.89%
2022-04-26|1.975|-2.32%
2022-04-27|1.959|-0.81%
2022-04-28|2.001|2.14%
2022-04-29|2.058|2.85%
2022-05-02|2.068|0.49%
2022-05-03|2.115|2.27%
2022-05-04|2.016|-4.68%
2022-05-05|2.034|0.89%
2022-05-06|1.998|-1.77%
2022-05-09|1.937|-3.05%
2022-05-10|1.94|0.15%
2022-05-11|1.935|-0.26%
2022-05-12|1.896|-2.02%
2022-05-13|1.958|3.27%
2022-05-16|1.997|1.99%
2022-05-17|2.07|3.66%
2022-05-18|2.044|-1.26%
2022-05-19|2.101|2.79%
2022-05-20|2.069|-1.52%
2022-05-23|2.08|0.53%
2022-05-24|1.996|-4.04%
2022-05-25|1.993|-0.15%
2022-05-26|1.975|-0.90%
2022-05-27|1.99|0.76%
2022-05-30|2.0058|0.79%
2022-05-31|2.053|2.35%
2022-06-01|2.123|3.41%
2022-06-02|2.126|0.14%
2022-06-03|2.162|1.69%
2022-06-06|2.196|1.57%
2022-06-07|2.206|0.46%
2022-06-08|2.245|1.77%
2022-06-09|2.3|2.45%
2022-06-10|2.507|9.00%
2022-06-13|2.799|11.65%
2022-06-14|3.052|9.04%
2022-06-15|2.964|-2.88%
2022-06-16|2.885|-2.67%
2022-06-17|2.857|-0.97%
2022-06-20|2.8733|0.57%
2022-06-21|2.923|1.73%
2022-06-22|2.794|-4.41%
2022-06-23|2.765|-1.04%
2022-06-24|2.83|2.35%
2022-06-27|2.875|1.59%
2022-06-28|2.877|0.07%
2022-06-29|2.848|-1.01%
2022-06-30|2.79|-2.04%
2022-07-01|2.718|-2.58%
2022-07-04|2.7787|2.23%
2022-07-05|2.752|-0.96%
2022-07-06|2.789|1.34%
2022-07-07|2.865|2.72%
2022-07-08|2.944|2.76%
2022-07-11|2.994|1.70%
2022-07-12|2.999|0.17%
2022-07-13|3.211|7.07%
2022-07-14|3.171|-1.25%
2022-07-15|3.091|-2.52%
2022-07-18|3.128|1.20%
2022-07-19|3.199|2.27%
2022-07-20|3.18|-0.59%
2022-07-21|3.093|-2.74%
2022-07-22|3.018|-2.42%
2022-07-25|3.06|1.39%
2022-07-26|3.052|-0.26%
2022-07-27|3.001|-1.67%
2022-07-28|2.917|-2.80%
2022-07-29|2.974|1.95%
2022-08-01|2.979|0.17%
2022-08-02|3.101|4.10%
2022-08-03|3.138|1.19%
2022-08-04|3.116|-0.70%
2022-08-05|3.269|4.91%
2022-08-08|3.274|0.15%
2022-08-09|3.285|0.34%
2022-08-10|3.269|-0.49%
2022-08-11|3.253|-0.49%
2022-08-12|3.25|-0.09%
2022-08-15|3.228|-0.68%
2022-08-16|3.263|1.08%
2022-08-17|3.281|0.55%
2022-08-18|3.228|-1.62%
2022-08-19|3.243|0.46%
2022-08-22|3.315|2.22%
2022-08-23|3.288|-0.81%
2022-08-24|3.33|1.28%
2022-08-25|3.33|0.00%
2022-08-26|3.359|0.87%
2022-08-29|3.414|1.64%
2022-08-30|3.475|1.79%
2022-08-31|3.483|0.23%
2022-09-01|3.509|0.75%
2022-09-02|3.466|-1.23%
2022-09-05|3.4471|-0.55%
2022-09-06|3.521|2.14%
2022-09-07|3.608|2.47%
2022-09-08|3.597|-0.30%
2022-09-09|3.663|1.83%
2022-09-12|3.668|0.14%
2022-09-13|3.931|7.17%
2022-09-14|3.941|0.25%
2022-09-15|3.994|1.34%
2022-09-16|3.964|-0.75%
2022-09-19|4.055|2.30%
2022-09-20|4.038|-0.42%
2022-09-21|4.073|0.87%
2022-09-22|4.075|0.05%
2022-09-23|4.131|1.37%
2022-09-26|4.147|0.39%
2022-09-27|4.146|-0.02%
2022-09-28|3.98|-4.00%
2022-09-29|3.971|-0.23%
2022-09-30|3.997|0.65%
2022-10-03|3.973|-0.60%
2022-10-04|3.97|-0.08%
2022-10-05|4.145|4.41%
2022-10-06|4.177|0.77%
2022-10-07|4.181|0.10%
2022-10-10|4.3186|3.29%
2022-10-11|4.27|-1.13%
2022-10-12|4.259|-0.26%
2022-10-13|4.439|4.23%
2022-10-14|4.484|1.01%
2022-10-17|4.491|0.16%
2022-10-18|4.491|0.00%
2022-10-19|4.596|2.34%
2022-10-20|4.655|1.28%
2022-10-21|4.567|-1.89%
2022-10-24|4.616|1.07%
2022-10-25|4.58|-0.78%
2022-10-26|4.553|-0.59%
2022-10-27|4.501|-1.14%
2022-10-28|4.57|1.53%
2022-10-31|4.637|1.47%
2022-11-01|4.642|0.11%
2022-11-02|4.732|1.94%
2022-11-03|4.778|0.97%
2022-11-04|4.744|-0.71%
2022-11-07|4.787|0.91%
2022-11-08|4.76|-0.56%
2022-11-09|4.743|-0.36%
2022-11-10|4.578|-3.48%
2022-11-14|4.629|1.11%
2022-11-15|4.605|-0.52%
2022-11-16|4.62|0.33%
2022-11-17|4.682|1.34%
2022-11-18|4.735|1.13%
2022-11-21|4.746|0.23%
2022-11-22|4.788|0.88%
2022-11-23|4.758|-0.63%
2022-11-24|4.7632|0.11%
2022-11-25|4.759|-0.09%
2022-11-28|4.756|-0.06%
2022-11-29|4.745|-0.23%
2022-11-30|4.732|-0.27%
2022-12-01|4.656|-1.61%
2022-12-02|4.684|0.60%
2022-12-05|4.76|1.62%
2022-12-06|4.73|-0.63%
2022-12-07|4.675|-1.16%
2022-12-08|4.694|0.41%
2022-12-09|4.708|0.30%
2022-12-12|4.76|1.10%
2022-12-13|4.64|-2.52%
2022-12-14|4.653|0.28%
2022-12-15|4.658|0.11%
2022-12-16|4.608|-1.07%
2022-12-19|4.653|0.98%
2022-12-20|4.642|-0.24%
2022-12-21|4.607|-0.75%
2022-12-22|4.66|1.15%
2022-12-23|4.664|0.09%
2022-12-26|4.691|0.58%
2022-12-27|4.707|0.34%
2022-12-28|4.703|-0.08%
2022-12-29|4.691|-0.26%
2022-12-30|4.733|0.90%
2023-01-02|4.7438|0.23%
2023-01-03|4.713|-0.65%
2023-01-04|4.71|-0.06%
2023-01-05|4.772|1.32%
2023-01-06|4.714|-1.22%
2023-01-09|4.7|-0.30%
2023-01-10|4.756|1.19%
2023-01-11|4.737|-0.40%
2023-01-12|4.682|-1.16%
2023-01-13|4.7|0.38%
2023-01-16|4.7293|0.62%
2023-01-17|4.683|-0.98%
2023-01-18|4.65|-0.70%
2023-01-19|4.677|0.58%
2023-01-20|4.694|0.36%
2023-01-23|4.713|0.40%
2023-01-24|4.685|-0.59%
2023-01-25|4.665|-0.43%
2023-01-26|4.672|0.15%
2023-01-27|4.679|0.15%
2023-01-30|4.714|0.75%
2023-01-31|4.686|-0.59%
2023-02-01|4.661|-0.53%
2023-02-02|4.639|-0.47%
2023-02-03|4.774|2.91%
2023-02-06|4.857|1.74%
2023-02-07|4.881|0.49%
2023-02-08|4.873|-0.16%
2023-02-09|4.88|0.14%
2023-02-10|4.895|0.31%
2023-02-13|4.919|0.49%
2023-02-14|4.989|1.42%
2023-02-15|4.973|-0.32%
2023-02-16|4.969|-0.08%
2023-02-17|5|0.62%
2023-02-20|5.0298|0.60%
2023-02-21|5.035|0.10%
2023-02-22|5.065|0.60%
2023-02-23|5.029|-0.71%
2023-02-24|5.052|0.46%
2023-02-27|5.03|-0.44%
2023-02-28|5.01|-0.40%
2023-03-01|5.059|0.98%
2023-03-02|5.053|-0.12%
2023-03-03|5.029|-0.47%
2023-03-06|5.056|0.54%
2023-03-07|5.214|3.12%
2023-03-08|5.243|0.56%
2023-03-09|5.182|-1.16%
2023-03-10|4.876|-5.91%
2023-03-13|4.292|-11.98%
2023-03-14|4.475|4.26%
2023-03-15|4.278|-4.40%
