Date|Close
1990-01-01|0.01
1990-01-02|0.01
1990-01-03|0.01
1990-01-04|0.01
1990-01-05|0.01
1990-01-06|0.01
1990-01-07|0.01
1990-01-08|0.01
1990-01-09|0.01
1990-02-01|0.004
1990-02-02|0.004
1990-02-03|0.004
1990-02-04|0.004
1990-02-05|0.004
1990-02-06|0.004
1990-02-07|0.004
1990-02-08|0.004
1990-02-09|0.004
1990-03-01|0.005
1990-03-02|0.005
1990-03-03|0.005
1990-03-04|0.005
1990-03-05|0.005
1990-03-06|0.005
1990-03-07|0.005
1990-03-08|0.005
1990-03-09|0.005
1990-04-01|0.002
1990-04-02|0.002
1990-04-03|0.002
1990-04-04|0.002
1990-04-05|0.002
1990-04-06|0.002
1990-04-07|0.002
1990-04-08|0.002
1990-04-09|0.002
1990-05-01|0.002
1990-05-02|0.002
1990-05-03|0.002
1990-05-04|0.002
1990-05-05|0.002
1990-05-06|0.002
1990-05-07|0.002
1990-05-08|0.002
1990-05-09|0.002
1990-06-01|0.006
1990-06-02|0.006
1990-06-03|0.006
1990-06-04|0.006
1990-06-05|0.006
1990-06-06|0.006
1990-06-07|0.006
1990-06-08|0.006
1990-06-09|0.006
1990-07-01|0.005
1990-07-02|0.005
1990-07-03|0.005
1990-07-04|0.005
1990-07-05|0.005
1990-07-06|0.005
1990-07-07|0.005
1990-07-08|0.005
1990-07-09|0.005
1990-08-01|0.008
1990-08-02|0.008
1990-08-03|0.008
1990-08-04|0.008
1990-08-05|0.008
1990-08-06|0.008
1990-08-07|0.008
1990-08-08|0.008
1990-08-09|0.008
1990-09-01|0.007
1990-09-02|0.007
1990-09-03|0.007
1990-09-04|0.007
1990-09-05|0.007
1990-09-06|0.007
1990-09-07|0.007
1990-09-08|0.007
1990-09-09|0.007
1990-10-01|0.007
1990-10-02|0.007
1990-10-03|0.007
1990-10-04|0.007
1990-10-05|0.007
1990-10-06|0.007
1990-10-07|0.007
1990-10-08|0.007
1990-10-09|0.007
1990-11-01|0.002
1990-11-02|0.002
1990-11-03|0.002
1990-11-04|0.002
1990-11-05|0.002
1990-11-06|0.002
1990-11-07|0.002
1990-11-08|0.002
1990-11-09|0.002
1990-12-01|0.004
1990-12-02|0.004
1990-12-03|0.004
1990-12-04|0.004
1990-12-05|0.004
1990-12-06|0.004
1990-12-07|0.004
1990-12-08|0.004
1990-12-09|0.004
1991-01-01|0.004
1991-01-02|0.004
1991-01-03|0.004
1991-01-04|0.004
1991-01-05|0.004
1991-01-06|0.004
1991-01-07|0.004
1991-01-08|0.004
1991-01-09|0.004
1991-02-01|0.001
1991-02-02|0.001
1991-02-03|0.001
1991-02-04|0.001
1991-02-05|0.001
1991-02-06|0.001
1991-02-07|0.001
1991-02-08|0.001
1991-02-09|0.001
1991-03-01|0
1991-03-02|0
1991-03-03|0
1991-03-04|0
1991-03-05|0
1991-03-06|0
1991-03-07|0
1991-03-08|0
1991-03-09|0
1991-04-01|0.002
1991-04-02|0.002
1991-04-03|0.002
1991-04-04|0.002
1991-04-05|0.002
1991-04-06|0.002
1991-04-07|0.002
1991-04-08|0.002
1991-04-09|0.002
1991-05-01|0.004
1991-05-02|0.004
1991-05-03|0.004
1991-05-04|0.004
1991-05-05|0.004
1991-05-06|0.004
1991-05-07|0.004
1991-05-08|0.004
1991-05-09|0.004
1991-06-01|0.003
1991-06-02|0.003
1991-06-03|0.003
1991-06-04|0.003
1991-06-05|0.003
1991-06-06|0.003
1991-06-07|0.003
1991-06-08|0.003
1991-06-09|0.003
1991-07-01|0.001
1991-07-02|0.001
1991-07-03|0.001
1991-07-04|0.001
1991-07-05|0.001
1991-07-06|0.001
1991-07-07|0.001
1991-07-08|0.001
1991-07-09|0.001
1991-08-01|0.003
1991-08-02|0.003
1991-08-03|0.003
1991-08-04|0.003
1991-08-05|0.003
1991-08-06|0.003
1991-08-07|0.003
1991-08-08|0.003
1991-08-09|0.003
1991-09-01|0.003
1991-09-02|0.003
1991-09-03|0.003
1991-09-04|0.003
1991-09-05|0.003
1991-09-06|0.003
1991-09-07|0.003
1991-09-08|0.003
1991-09-09|0.003
1991-10-01|0.001
1991-10-02|0.001
1991-10-03|0.001
1991-10-04|0.001
1991-10-05|0.001
1991-10-06|0.001
1991-10-07|0.001
1991-10-08|0.001
1991-10-09|0.001
1991-11-01|0.004
1991-11-02|0.004
1991-11-03|0.004
1991-11-04|0.004
1991-11-05|0.004
1991-11-06|0.004
1991-11-07|0.004
1991-11-08|0.004
1991-11-09|0.004
1991-12-01|0.003
1991-12-02|0.003
1991-12-03|0.003
1991-12-04|0.003
1991-12-05|0.003
1991-12-06|0.003
1991-12-07|0.003
1991-12-08|0.003
1991-12-09|0.003
1992-01-01|0.001
1992-01-02|0.001
1992-01-03|0.001
1992-01-04|0.001
1992-01-05|0.001
1992-01-06|0.001
1992-01-07|0.001
1992-01-08|0.001
1992-01-09|0.001
1992-02-01|0.002
1992-02-02|0.002
1992-02-03|0.002
1992-02-04|0.002
1992-02-05|0.002
1992-02-06|0.002
1992-02-07|0.002
1992-02-08|0.002
1992-02-09|0.002
1992-03-01|0.004
1992-03-02|0.004
1992-03-03|0.004
1992-03-04|0.004
1992-03-05|0.004
1992-03-06|0.004
1992-03-07|0.004
1992-03-08|0.004
1992-03-09|0.004
1992-04-01|0.002
1992-04-02|0.002
1992-04-03|0.002
1992-04-04|0.002
1992-04-05|0.002
1992-04-06|0.002
1992-04-07|0.002
1992-04-08|0.002
1992-04-09|0.002
1992-05-01|0.002
1992-05-02|0.002
1992-05-03|0.002
1992-05-04|0.002
1992-05-05|0.002
1992-05-06|0.002
1992-05-07|0.002
1992-05-08|0.002
1992-05-09|0.002
1992-06-01|0.003
1992-06-02|0.003
1992-06-03|0.003
1992-06-04|0.003
1992-06-05|0.003
1992-06-06|0.003
1992-06-07|0.003
1992-06-08|0.003
1992-06-09|0.003
1992-07-01|0.003
1992-07-02|0.003
1992-07-03|0.003
1992-07-04|0.003
1992-07-05|0.003
1992-07-06|0.003
1992-07-07|0.003
1992-07-08|0.003
1992-07-09|0.003
1992-08-01|0.002
1992-08-02|0.002
1992-08-03|0.002
1992-08-04|0.002
1992-08-05|0.002
1992-08-06|0.002
1992-08-07|0.002
1992-08-08|0.002
1992-08-09|0.002
1992-09-01|0.002
1992-09-02|0.002
1992-09-03|0.002
1992-09-04|0.002
1992-09-05|0.002
1992-09-06|0.002
1992-09-07|0.002
1992-09-08|0.002
1992-09-09|0.002
1992-10-01|0.004
1992-10-02|0.004
1992-10-03|0.004
1992-10-04|0.004
1992-10-05|0.004
1992-10-06|0.004
1992-10-07|0.004
1992-10-08|0.004
1992-10-09|0.004
1992-11-01|0.003
1992-11-02|0.003
1992-11-03|0.003
1992-11-04|0.003
1992-11-05|0.003
1992-11-06|0.003
1992-11-07|0.003
1992-11-08|0.003
1992-11-09|0.003
1992-12-01|0.001
1992-12-02|0.001
1992-12-03|0.001
1992-12-04|0.001
1992-12-05|0.001
1992-12-06|0.001
1992-12-07|0.001
1992-12-08|0.001
1992-12-09|0.001
1993-01-01|0.004
1993-01-02|0.004
1993-01-03|0.004
1993-01-04|0.004
1993-01-05|0.004
1993-01-06|0.004
1993-01-07|0.004
1993-01-08|0.004
1993-01-09|0.004
1993-02-01|0.002
1993-02-02|0.002
1993-02-03|0.002
1993-02-04|0.002
1993-02-05|0.002
1993-02-06|0.002
1993-02-07|0.002
1993-02-08|0.002
1993-02-09|0.002
1993-03-01|0.001
1993-03-02|0.001
1993-03-03|0.001
1993-03-04|0.001
1993-03-05|0.001
1993-03-06|0.001
1993-03-07|0.001
1993-03-08|0.001
1993-03-09|0.001
1993-04-01|0.003
1993-04-02|0.003
1993-04-03|0.003
1993-04-04|0.003
1993-04-05|0.003
1993-04-06|0.003
1993-04-07|0.003
1993-04-08|0.003
1993-04-09|0.003
1993-05-01|0.003
1993-05-02|0.003
1993-05-03|0.003
1993-05-04|0.003
1993-05-05|0.003
1993-05-06|0.003
1993-05-07|0.003
1993-05-08|0.003
1993-05-09|0.003
1993-06-01|0.001
1993-06-02|0.001
1993-06-03|0.001
1993-06-04|0.001
1993-06-05|0.001
1993-06-06|0.001
1993-06-07|0.001
1993-06-08|0.001
1993-06-09|0.001
1993-07-01|0.001
1993-07-02|0.001
1993-07-03|0.001
1993-07-04|0.001
1993-07-05|0.001
1993-07-06|0.001
1993-07-07|0.001
1993-07-08|0.001
1993-07-09|0.001
1993-08-01|0.002
1993-08-02|0.002
1993-08-03|0.002
1993-08-04|0.002
1993-08-05|0.002
1993-08-06|0.002
1993-08-07|0.002
1993-08-08|0.002
1993-08-09|0.002
1993-09-01|0.001
1993-09-02|0.001
1993-09-03|0.001
1993-09-04|0.001
1993-09-05|0.001
1993-09-06|0.001
1993-09-07|0.001
1993-09-08|0.001
1993-09-09|0.001
1993-10-01|0.004
1993-10-02|0.004
1993-10-03|0.004
1993-10-04|0.004
1993-10-05|0.004
1993-10-06|0.004
1993-10-07|0.004
1993-10-08|0.004
1993-10-09|0.004
1993-11-01|0.003
1993-11-02|0.003
1993-11-03|0.003
1993-11-04|0.003
1993-11-05|0.003
1993-11-06|0.003
1993-11-07|0.003
1993-11-08|0.003
1993-11-09|0.003
1993-12-01|0.002
1993-12-02|0.002
1993-12-03|0.002
1993-12-04|0.002
1993-12-05|0.002
1993-12-06|0.002
1993-12-07|0.002
1993-12-08|0.002
1993-12-09|0.002
1994-01-01|0
1994-01-02|0
1994-01-03|0
1994-01-04|0
1994-01-05|0
1994-01-06|0
1994-01-07|0
1994-01-08|0
1994-01-09|0
1994-02-01|0.003
1994-02-02|0.003
1994-02-03|0.003
1994-02-04|0.003
1994-02-05|0.003
1994-02-06|0.003
1994-02-07|0.003
1994-02-08|0.003
1994-02-09|0.003
1994-03-01|0.003
1994-03-02|0.003
1994-03-03|0.003
1994-03-04|0.003
1994-03-05|0.003
1994-03-06|0.003
1994-03-07|0.003
1994-03-08|0.003
1994-03-09|0.003
1994-04-01|0.001
1994-04-02|0.001
1994-04-03|0.001
1994-04-04|0.001
1994-04-05|0.001
1994-04-06|0.001
1994-04-07|0.001
1994-04-08|0.001
1994-04-09|0.001
1994-05-01|0.002
1994-05-02|0.002
1994-05-03|0.002
1994-05-04|0.002
1994-05-05|0.002
1994-05-06|0.002
1994-05-07|0.002
1994-05-08|0.002
1994-05-09|0.002
1994-06-01|0.003
1994-06-02|0.003
1994-06-03|0.003
1994-06-04|0.003
1994-06-05|0.003
1994-06-06|0.003
1994-06-07|0.003
1994-06-08|0.003
1994-06-09|0.003
1994-07-01|0.003
1994-07-02|0.003
1994-07-03|0.003
1994-07-04|0.003
1994-07-05|0.003
1994-07-06|0.003
1994-07-07|0.003
1994-07-08|0.003
1994-07-09|0.003
1994-08-01|0.004
1994-08-02|0.004
1994-08-03|0.004
1994-08-04|0.004
1994-08-05|0.004
1994-08-06|0.004
1994-08-07|0.004
1994-08-08|0.004
1994-08-09|0.004
1994-09-01|0.002
1994-09-02|0.002
1994-09-03|0.002
1994-09-04|0.002
1994-09-05|0.002
1994-09-06|0.002
1994-09-07|0.002
1994-09-08|0.002
1994-09-09|0.002
1994-10-01|0.001
1994-10-02|0.001
1994-10-03|0.001
1994-10-04|0.001
1994-10-05|0.001
1994-10-06|0.001
1994-10-07|0.001
1994-10-08|0.001
1994-10-09|0.001
1994-11-01|0.003
1994-11-02|0.003
1994-11-03|0.003
1994-11-04|0.003
1994-11-05|0.003
1994-11-06|0.003
1994-11-07|0.003
1994-11-08|0.003
1994-11-09|0.003
1994-12-01|0.002
1994-12-02|0.002
1994-12-03|0.002
1994-12-04|0.002
1994-12-05|0.002
1994-12-06|0.002
1994-12-07|0.002
1994-12-08|0.002
1994-12-09|0.002
1995-01-01|0.003
1995-01-02|0.003
1995-01-03|0.003
1995-01-04|0.003
1995-01-05|0.003
1995-01-06|0.003
1995-01-07|0.003
1995-01-08|0.003
1995-01-09|0.003
1995-02-01|0.003
1995-02-02|0.003
1995-02-03|0.003
1995-02-04|0.003
1995-02-05|0.003
1995-02-06|0.003
1995-02-07|0.003
1995-02-08|0.003
1995-02-09|0.003
1995-03-01|0.002
1995-03-02|0.002
1995-03-03|0.002
1995-03-04|0.002
1995-03-05|0.002
1995-03-06|0.002
1995-03-07|0.002
1995-03-08|0.002
1995-03-09|0.002
1995-04-01|0.004
1995-04-02|0.004
1995-04-03|0.004
1995-04-04|0.004
1995-04-05|0.004
1995-04-06|0.004
1995-04-07|0.004
1995-04-08|0.004
1995-04-09|0.004
1995-05-01|0.002
1995-05-02|0.002
1995-05-03|0.002
1995-05-04|0.002
1995-05-05|0.002
1995-05-06|0.002
1995-05-07|0.002
1995-05-08|0.002
1995-05-09|0.002
1995-06-01|0.002
1995-06-02|0.002
1995-06-03|0.002
1995-06-04|0.002
1995-06-05|0.002
1995-06-06|0.002
1995-06-07|0.002
1995-06-08|0.002
1995-06-09|0.002
1995-07-01|0.001
1995-07-02|0.001
1995-07-03|0.001
1995-07-04|0.001
1995-07-05|0.001
1995-07-06|0.001
1995-07-07|0.001
1995-07-08|0.001
1995-07-09|0.001
1995-08-01|0.002
1995-08-02|0.002
1995-08-03|0.002
1995-08-04|0.002
1995-08-05|0.002
1995-08-06|0.002
1995-08-07|0.002
1995-08-08|0.002
1995-08-09|0.002
1995-09-01|0.001
1995-09-02|0.001
1995-09-03|0.001
1995-09-04|0.001
1995-09-05|0.001
1995-09-06|0.001
1995-09-07|0.001
1995-09-08|0.001
1995-09-09|0.001
1995-10-01|0.003
1995-10-02|0.003
1995-10-03|0.003
1995-10-04|0.003
1995-10-05|0.003
1995-10-06|0.003
1995-10-07|0.003
1995-10-08|0.003
1995-10-09|0.003
1995-11-01|0.001
1995-11-02|0.001
1995-11-03|0.001
1995-11-04|0.001
1995-11-05|0.001
1995-11-06|0.001
1995-11-07|0.001
1995-11-08|0.001
1995-11-09|0.001
1995-12-01|0.001
1995-12-02|0.001
1995-12-03|0.001
1995-12-04|0.001
1995-12-05|0.001
1995-12-06|0.001
1995-12-07|0.001
1995-12-08|0.001
1995-12-09|0.001
1996-01-01|0.005
1996-01-02|0.005
1996-01-03|0.005
1996-01-04|0.005
1996-01-05|0.005
1996-01-06|0.005
1996-01-07|0.005
1996-01-08|0.005
1996-01-09|0.005
1996-02-01|0.002
1996-02-02|0.002
1996-02-03|0.002
1996-02-04|0.002
1996-02-05|0.002
1996-02-06|0.002
1996-02-07|0.002
1996-02-08|0.002
1996-02-09|0.002
1996-03-01|0.003
1996-03-02|0.003
1996-03-03|0.003
1996-03-04|0.003
1996-03-05|0.003
1996-03-06|0.003
1996-03-07|0.003
1996-03-08|0.003
1996-03-09|0.003
1996-04-01|0.004
1996-04-02|0.004
1996-04-03|0.004
1996-04-04|0.004
1996-04-05|0.004
1996-04-06|0.004
1996-04-07|0.004
1996-04-08|0.004
1996-04-09|0.004
1996-05-01|0.002
1996-05-02|0.002
1996-05-03|0.002
1996-05-04|0.002
1996-05-05|0.002
1996-05-06|0.002
1996-05-07|0.002
1996-05-08|0.002
1996-05-09|0.002
1996-06-01|0.002
1996-06-02|0.002
1996-06-03|0.002
1996-06-04|0.002
1996-06-05|0.002
1996-06-06|0.002
1996-06-07|0.002
1996-06-08|0.002
1996-06-09|0.002
1996-07-01|0.002
1996-07-02|0.002
1996-07-03|0.002
1996-07-04|0.002
1996-07-05|0.002
1996-07-06|0.002
1996-07-07|0.002
1996-07-08|0.002
1996-07-09|0.002
1996-08-01|0.001
1996-08-02|0.001
1996-08-03|0.001
1996-08-04|0.001
1996-08-05|0.001
1996-08-06|0.001
1996-08-07|0.001
1996-08-08|0.001
1996-08-09|0.001
1996-09-01|0.003
1996-09-02|0.003
1996-09-03|0.003
1996-09-04|0.003
1996-09-05|0.003
1996-09-06|0.003
1996-09-07|0.003
1996-09-08|0.003
1996-09-09|0.003
1996-10-01|0.003
1996-10-02|0.003
1996-10-03|0.003
1996-10-04|0.003
1996-10-05|0.003
1996-10-06|0.003
1996-10-07|0.003
1996-10-08|0.003
1996-10-09|0.003
1996-11-01|0.003
1996-11-02|0.003
1996-11-03|0.003
1996-11-04|0.003
1996-11-05|0.003
1996-11-06|0.003
1996-11-07|0.003
1996-11-08|0.003
1996-11-09|0.003
1996-12-01|0.003
1996-12-02|0.003
1996-12-03|0.003
1996-12-04|0.003
1996-12-05|0.003
1996-12-06|0.003
1996-12-07|0.003
1996-12-08|0.003
1996-12-09|0.003
1997-01-01|0.002
1997-01-02|0.002
1997-01-03|0.002
1997-01-04|0.002
1997-01-05|0.002
1997-01-06|0.002
1997-01-07|0.002
1997-01-08|0.002
1997-01-09|0.002
1997-02-01|0.002
1997-02-02|0.002
1997-02-03|0.002
1997-02-04|0.002
1997-02-05|0.002
1997-02-06|0.002
1997-02-07|0.002
1997-02-08|0.002
1997-02-09|0.002
1997-03-01|0.001
1997-03-02|0.001
1997-03-03|0.001
1997-03-04|0.001
1997-03-05|0.001
1997-03-06|0.001
1997-03-07|0.001
1997-03-08|0.001
1997-03-09|0.001
1997-04-01|0.001
1997-04-02|0.001
1997-04-03|0.001
1997-04-04|0.001
1997-04-05|0.001
1997-04-06|0.001
1997-04-07|0.001
1997-04-08|0.001
1997-04-09|0.001
1997-05-01|0
1997-05-02|0
1997-05-03|0
1997-05-04|0
1997-05-05|0
1997-05-06|0
1997-05-07|0
1997-05-08|0
1997-05-09|0
1997-06-01|0.002
1997-06-02|0.002
1997-06-03|0.002
1997-06-04|0.002
1997-06-05|0.002
1997-06-06|0.002
1997-06-07|0.002
1997-06-08|0.002
1997-06-09|0.002
1997-07-01|0.001
1997-07-02|0.001
1997-07-03|0.001
1997-07-04|0.001
1997-07-05|0.001
1997-07-06|0.001
1997-07-07|0.001
1997-07-08|0.001
1997-07-09|0.001
1997-08-01|0.002
1997-08-02|0.002
1997-08-03|0.002
1997-08-04|0.002
1997-08-05|0.002
1997-08-06|0.002
1997-08-07|0.002
1997-08-08|0.002
1997-08-09|0.002
1997-09-01|0.002
1997-09-02|0.002
1997-09-03|0.002
1997-09-04|0.002
1997-09-05|0.002
1997-09-06|0.002
1997-09-07|0.002
1997-09-08|0.002
1997-09-09|0.002
1997-10-01|0.002
1997-10-02|0.002
1997-10-03|0.002
1997-10-04|0.002
1997-10-05|0.002
1997-10-06|0.002
1997-10-07|0.002
1997-10-08|0.002
1997-10-09|0.002
1997-11-01|0.001
1997-11-02|0.001
1997-11-03|0.001
1997-11-04|0.001
1997-11-05|0.001
1997-11-06|0.001
1997-11-07|0.001
1997-11-08|0.001
1997-11-09|0.001
1997-12-01|0.001
1997-12-02|0.001
1997-12-03|0.001
1997-12-04|0.001
1997-12-05|0.001
1997-12-06|0.001
1997-12-07|0.001
1997-12-08|0.001
1997-12-09|0.001
1998-01-01|0.001
1998-01-02|0.001
1998-01-03|0.001
1998-01-04|0.001
1998-01-05|0.001
1998-01-06|0.001
1998-01-07|0.001
1998-01-08|0.001
1998-01-09|0.001
1998-02-01|0
1998-02-02|0
1998-02-03|0
1998-02-04|0
1998-02-05|0
1998-02-06|0
1998-02-07|0
1998-02-08|0
1998-02-09|0
1998-03-01|0
1998-03-02|0
1998-03-03|0
1998-03-04|0
1998-03-05|0
1998-03-06|0
1998-03-07|0
1998-03-08|0
1998-03-09|0
1998-04-01|0.001
1998-04-02|0.001
1998-04-03|0.001
1998-04-04|0.001
1998-04-05|0.001
1998-04-06|0.001
1998-04-07|0.001
1998-04-08|0.001
1998-04-09|0.001
1998-05-01|0.002
1998-05-02|0.002
1998-05-03|0.002
1998-05-04|0.002
1998-05-05|0.002
1998-05-06|0.002
1998-05-07|0.002
1998-05-08|0.002
1998-05-09|0.002
1998-06-01|0.001
1998-06-02|0.001
1998-06-03|0.001
1998-06-04|0.001
1998-06-05|0.001
1998-06-06|0.001
1998-06-07|0.001
1998-06-08|0.001
1998-06-09|0.001
1998-07-01|0.002
1998-07-02|0.002
1998-07-03|0.002
1998-07-04|0.002
1998-07-05|0.002
1998-07-06|0.002
1998-07-07|0.002
1998-07-08|0.002
1998-07-09|0.002
1998-08-01|0.001
1998-08-02|0.001
1998-08-03|0.001
1998-08-04|0.001
1998-08-05|0.001
1998-08-06|0.001
1998-08-07|0.001
1998-08-08|0.001
1998-08-09|0.001
1998-09-01|0.001
1998-09-02|0.001
1998-09-03|0.001
1998-09-04|0.001
1998-09-05|0.001
1998-09-06|0.001
1998-09-07|0.001
1998-09-08|0.001
1998-09-09|0.001
1998-10-01|0.002
1998-10-02|0.002
1998-10-03|0.002
1998-10-04|0.002
1998-10-05|0.002
1998-10-06|0.002
1998-10-07|0.002
1998-10-08|0.002
1998-10-09|0.002
1998-11-01|0.001
1998-11-02|0.001
1998-11-03|0.001
1998-11-04|0.001
1998-11-05|0.001
1998-11-06|0.001
1998-11-07|0.001
1998-11-08|0.001
1998-11-09|0.001
1998-12-01|0.002
1998-12-02|0.002
1998-12-03|0.002
1998-12-04|0.002
1998-12-05|0.002
1998-12-06|0.002
1998-12-07|0.002
1998-12-08|0.002
1998-12-09|0.002
1999-01-01|0.002
1999-01-02|0.002
1999-01-03|0.002
1999-01-04|0.002
1999-01-05|0.002
1999-01-06|0.002
1999-01-07|0.002
1999-01-08|0.002
1999-01-09|0.002
1999-02-01|0
1999-02-02|0
1999-02-03|0
1999-02-04|0
1999-02-05|0
1999-02-06|0
1999-02-07|0
1999-02-08|0
1999-02-09|0
1999-03-01|0.001
1999-03-02|0.001
1999-03-03|0.001
1999-03-04|0.001
1999-03-05|0.001
1999-03-06|0.001
1999-03-07|0.001
1999-03-08|0.001
1999-03-09|0.001
1999-04-01|0.007
1999-04-02|0.007
1999-04-03|0.007
1999-04-04|0.007
1999-04-05|0.007
1999-04-06|0.007
1999-04-07|0.007
1999-04-08|0.007
1999-04-09|0.007
1999-05-01|0.001
1999-05-02|0.001
1999-05-03|0.001
1999-05-04|0.001
1999-05-05|0.001
1999-05-06|0.001
1999-05-07|0.001
1999-05-08|0.001
1999-05-09|0.001
1999-06-01|0
1999-06-02|0
1999-06-03|0
1999-06-04|0
1999-06-05|0
1999-06-06|0
1999-06-07|0
1999-06-08|0
1999-06-09|0
1999-07-01|0.004
1999-07-02|0.004
1999-07-03|0.004
1999-07-04|0.004
1999-07-05|0.004
1999-07-06|0.004
1999-07-07|0.004
1999-07-08|0.004
1999-07-09|0.004
1999-08-01|0.002
1999-08-02|0.002
1999-08-03|0.002
1999-08-04|0.002
1999-08-05|0.002
1999-08-06|0.002
1999-08-07|0.002
1999-08-08|0.002
1999-08-09|0.002
1999-09-01|0.004
1999-09-02|0.004
1999-09-03|0.004
1999-09-04|0.004
1999-09-05|0.004
1999-09-06|0.004
1999-09-07|0.004
1999-09-08|0.004
1999-09-09|0.004
1999-10-01|0.002
1999-10-02|0.002
1999-10-03|0.002
1999-10-04|0.002
1999-10-05|0.002
1999-10-06|0.002
1999-10-07|0.002
1999-10-08|0.002
1999-10-09|0.002
1999-11-01|0.002
1999-11-02|0.002
1999-11-03|0.002
1999-11-04|0.002
1999-11-05|0.002
1999-11-06|0.002
1999-11-07|0.002
1999-11-08|0.002
1999-11-09|0.002
1999-12-01|0.002
1999-12-02|0.002
1999-12-03|0.002
1999-12-04|0.002
1999-12-05|0.002
1999-12-06|0.002
1999-12-07|0.002
1999-12-08|0.002
1999-12-09|0.002
2000-01-01|0.003
2000-01-02|0.003
2000-01-03|0.003
2000-01-04|0.003
2000-01-05|0.003
2000-01-06|0.003
2000-01-07|0.003
2000-01-08|0.003
2000-01-09|0.003
2000-02-01|0.004
2000-02-02|0.004
2000-02-03|0.004
2000-02-04|0.004
2000-02-05|0.004
2000-02-06|0.004
2000-02-07|0.004
2000-02-08|0.004
2000-02-09|0.004
2000-03-01|0.006
2000-03-02|0.006
2000-03-03|0.006
2000-03-04|0.006
2000-03-05|0.006
2000-03-06|0.006
2000-03-07|0.006
2000-03-08|0.006
2000-03-09|0.006
2000-04-01|-0.001
2000-04-02|-0.001
2000-04-03|-0.001
2000-04-04|-0.001
2000-04-05|-0.001
2000-04-06|-0.001
2000-04-07|-0.001
2000-04-08|-0.001
2000-04-09|-0.001
2000-05-01|0.002
2000-05-02|0.002
2000-05-03|0.002
2000-05-04|0.002
2000-05-05|0.002
2000-05-06|0.002
2000-05-07|0.002
2000-05-08|0.002
2000-05-09|0.002
2000-06-01|0.006
2000-06-02|0.006
2000-06-03|0.006
2000-06-04|0.006
2000-06-05|0.006
2000-06-06|0.006
2000-06-07|0.006
2000-06-08|0.006
2000-06-09|0.006
2000-07-01|0.003
2000-07-02|0.003
2000-07-03|0.003
2000-07-04|0.003
2000-07-05|0.003
2000-07-06|0.003
2000-07-07|0.003
2000-07-08|0.003
2000-07-09|0.003
2000-08-01|0
2000-08-02|0
2000-08-03|0
2000-08-04|0
2000-08-05|0
2000-08-06|0
2000-08-07|0
2000-08-08|0
2000-08-09|0
2000-09-01|0.005
2000-09-02|0.005
2000-09-03|0.005
2000-09-04|0.005
2000-09-05|0.005
2000-09-06|0.005
2000-09-07|0.005
2000-09-08|0.005
2000-09-09|0.005
2000-10-01|0.002
2000-10-02|0.002
2000-10-03|0.002
2000-10-04|0.002
2000-10-05|0.002
2000-10-06|0.002
2000-10-07|0.002
2000-10-08|0.002
2000-10-09|0.002
2000-11-01|0.002
2000-11-02|0.002
2000-11-03|0.002
2000-11-04|0.002
2000-11-05|0.002
2000-11-06|0.002
2000-11-07|0.002
2000-11-08|0.002
2000-11-09|0.002
2000-12-01|0.002
2000-12-02|0.002
2000-12-03|0.002
2000-12-04|0.002
2000-12-05|0.002
2000-12-06|0.002
2000-12-07|0.002
2000-12-08|0.002
2000-12-09|0.002
2001-01-01|0.006
2001-01-02|0.006
2001-01-03|0.006
2001-01-04|0.006
2001-01-05|0.006
2001-01-06|0.006
2001-01-07|0.006
2001-01-08|0.006
2001-01-09|0.006
2001-02-01|0.002
2001-02-02|0.002
2001-02-03|0.002
2001-02-04|0.002
2001-02-05|0.002
2001-02-06|0.002
2001-02-07|0.002
2001-02-08|0.002
2001-02-09|0.002
2001-03-01|0.001
2001-03-02|0.001
2001-03-03|0.001
2001-03-04|0.001
2001-03-05|0.001
2001-03-06|0.001
2001-03-07|0.001
2001-03-08|0.001
2001-03-09|0.001
2001-04-01|0.002
2001-04-02|0.002
2001-04-03|0.002
2001-04-04|0.002
2001-04-05|0.002
2001-04-06|0.002
2001-04-07|0.002
2001-04-08|0.002
2001-04-09|0.002
2001-05-01|0.005
2001-05-02|0.005
2001-05-03|0.005
2001-05-04|0.005
2001-05-05|0.005
2001-05-06|0.005
2001-05-07|0.005
2001-05-08|0.005
2001-05-09|0.005
2001-06-01|0.002
2001-06-02|0.002
2001-06-03|0.002
2001-06-04|0.002
2001-06-05|0.002
2001-06-06|0.002
2001-06-07|0.002
2001-06-08|0.002
2001-06-09|0.002
2001-07-01|-0.002
2001-07-02|-0.002
2001-07-03|-0.002
2001-07-04|-0.002
2001-07-05|-0.002
2001-07-06|-0.002
2001-07-07|-0.002
2001-07-08|-0.002
2001-07-09|-0.002
2001-08-01|0
2001-08-02|0
2001-08-03|0
2001-08-04|0
2001-08-05|0
2001-08-06|0
2001-08-07|0
2001-08-08|0
2001-08-09|0
2001-09-01|0.004
2001-09-02|0.004
2001-09-03|0.004
2001-09-04|0.004
2001-09-05|0.004
2001-09-06|0.004
2001-09-07|0.004
2001-09-08|0.004
2001-09-09|0.004
2001-10-01|-0.003
2001-10-02|-0.003
2001-10-03|-0.003
2001-10-04|-0.003
2001-10-05|-0.003
2001-10-06|-0.003
2001-10-07|-0.003
2001-10-08|-0.003
2001-10-09|-0.003
2001-11-01|-0.001
2001-11-02|-0.001
2001-11-03|-0.001
2001-11-04|-0.001
2001-11-05|-0.001
2001-11-06|-0.001
2001-11-07|-0.001
2001-11-08|-0.001
2001-11-09|-0.001
2001-12-01|-0.001
2001-12-02|-0.001
2001-12-03|-0.001
2001-12-04|-0.001
2001-12-05|-0.001
2001-12-06|-0.001
2001-12-07|-0.001
2001-12-08|-0.001
2001-12-09|-0.001
2002-01-01|0.002
2002-01-02|0.002
2002-01-03|0.002
2002-01-04|0.002
2002-01-05|0.002
2002-01-06|0.002
2002-01-07|0.002
2002-01-08|0.002
2002-01-09|0.002
2002-02-01|0.002
2002-02-02|0.002
2002-02-03|0.002
2002-02-04|0.002
2002-02-05|0.002
2002-02-06|0.002
2002-02-07|0.002
2002-02-08|0.002
2002-02-09|0.002
2002-03-01|0.003
2002-03-02|0.003
2002-03-03|0.003
2002-03-04|0.003
2002-03-05|0.003
2002-03-06|0.003
2002-03-07|0.003
2002-03-08|0.003
2002-03-09|0.003
2002-04-01|0.004
2002-04-02|0.004
2002-04-03|0.004
2002-04-04|0.004
2002-04-05|0.004
2002-04-06|0.004
2002-04-07|0.004
2002-04-08|0.004
2002-04-09|0.004
2002-05-01|0.001
2002-05-02|0.001
2002-05-03|0.001
2002-05-04|0.001
2002-05-05|0.001
2002-05-06|0.001
2002-05-07|0.001
2002-05-08|0.001
2002-05-09|0.001
2002-06-01|0.001
2002-06-02|0.001
2002-06-03|0.001
2002-06-04|0.001
2002-06-05|0.001
2002-06-06|0.001
2002-06-07|0.001
2002-06-08|0.001
2002-06-09|0.001
2002-07-01|0.002
2002-07-02|0.002
2002-07-03|0.002
2002-07-04|0.002
2002-07-05|0.002
2002-07-06|0.002
2002-07-07|0.002
2002-07-08|0.002
2002-07-09|0.002
2002-08-01|0.003
2002-08-02|0.003
2002-08-03|0.003
2002-08-04|0.003
2002-08-05|0.003
2002-08-06|0.003
2002-08-07|0.003
2002-08-08|0.003
2002-08-09|0.003
2002-09-01|0.002
2002-09-02|0.002
2002-09-03|0.002
2002-09-04|0.002
2002-09-05|0.002
2002-09-06|0.002
2002-09-07|0.002
2002-09-08|0.002
2002-09-09|0.002
2002-10-01|0.002
2002-10-02|0.002
2002-10-03|0.002
2002-10-04|0.002
2002-10-05|0.002
2002-10-06|0.002
2002-10-07|0.002
2002-10-08|0.002
2002-10-09|0.002
2002-11-01|0.002
2002-11-02|0.002
2002-11-03|0.002
2002-11-04|0.002
2002-11-05|0.002
2002-11-06|0.002
2002-11-07|0.002
2002-11-08|0.002
2002-11-09|0.002
2002-12-01|0.002
2002-12-02|0.002
2002-12-03|0.002
2002-12-04|0.002
2002-12-05|0.002
2002-12-06|0.002
2002-12-07|0.002
2002-12-08|0.002
2002-12-09|0.002
2003-01-01|0.004
2003-01-02|0.004
2003-01-03|0.004
2003-01-04|0.004
2003-01-05|0.004
2003-01-06|0.004
2003-01-07|0.004
2003-01-08|0.004
2003-01-09|0.004
2003-02-01|0.005
2003-02-02|0.005
2003-02-03|0.005
2003-02-04|0.005
2003-02-05|0.005
2003-02-06|0.005
2003-02-07|0.005
2003-02-08|0.005
2003-02-09|0.005
2003-03-01|0.002
2003-03-02|0.002
2003-03-03|0.002
2003-03-04|0.002
2003-03-05|0.002
2003-03-06|0.002
2003-03-07|0.002
2003-03-08|0.002
2003-03-09|0.002
2003-04-01|-0.004
2003-04-02|-0.004
2003-04-03|-0.004
2003-04-04|-0.004
2003-04-05|-0.004
2003-04-06|-0.004
2003-04-07|-0.004
2003-04-08|-0.004
2003-04-09|-0.004
2003-05-01|-0.002
2003-05-02|-0.002
2003-05-03|-0.002
2003-05-04|-0.002
2003-05-05|-0.002
2003-05-06|-0.002
2003-05-07|-0.002
2003-05-08|-0.002
2003-05-09|-0.002
2003-06-01|0.001
2003-06-02|0.001
2003-06-03|0.001
2003-06-04|0.001
2003-06-05|0.001
2003-06-06|0.001
2003-06-07|0.001
2003-06-08|0.001
2003-06-09|0.001
2003-07-01|0.003
2003-07-02|0.003
2003-07-03|0.003
2003-07-04|0.003
2003-07-05|0.003
2003-07-06|0.003
2003-07-07|0.003
2003-07-08|0.003
2003-07-09|0.003
2003-08-01|0.004
2003-08-02|0.004
2003-08-03|0.004
2003-08-04|0.004
2003-08-05|0.004
2003-08-06|0.004
2003-08-07|0.004
2003-08-08|0.004
2003-08-09|0.004
2003-09-01|0.003
2003-09-02|0.003
2003-09-03|0.003
2003-09-04|0.003
2003-09-05|0.003
2003-09-06|0.003
2003-09-07|0.003
2003-09-08|0.003
2003-09-09|0.003
2003-10-01|-0.001
2003-10-02|-0.001
2003-10-03|-0.001
2003-10-04|-0.001
2003-10-05|-0.001
2003-10-06|-0.001
2003-10-07|-0.001
2003-10-08|-0.001
2003-10-09|-0.001
2003-11-01|0.001
2003-11-02|0.001
2003-11-03|0.001
2003-11-04|0.001
2003-11-05|0.001
2003-11-06|0.001
2003-11-07|0.001
2003-11-08|0.001
2003-11-09|0.001
2003-12-01|0.003
2003-12-02|0.003
2003-12-03|0.003
2003-12-04|0.003
2003-12-05|0.003
2003-12-06|0.003
2003-12-07|0.003
2003-12-08|0.003
2003-12-09|0.003
2004-01-01|0.004
2004-01-02|0.004
2004-01-03|0.004
2004-01-04|0.004
2004-01-05|0.004
2004-01-06|0.004
2004-01-07|0.004
2004-01-08|0.004
2004-01-09|0.004
2004-02-01|0.002
2004-02-02|0.002
2004-02-03|0.002
2004-02-04|0.002
2004-02-05|0.002
2004-02-06|0.002
2004-02-07|0.002
2004-02-08|0.002
2004-02-09|0.002
2004-03-01|0.002
2004-03-02|0.002
2004-03-03|0.002
2004-03-04|0.002
2004-03-05|0.002
2004-03-06|0.002
2004-03-07|0.002
2004-03-08|0.002
2004-03-09|0.002
2004-04-01|0.002
2004-04-02|0.002
2004-04-03|0.002
2004-04-04|0.002
2004-04-05|0.002
2004-04-06|0.002
2004-04-07|0.002
2004-04-08|0.002
2004-04-09|0.002
2004-05-01|0.004
2004-05-02|0.004
2004-05-03|0.004
2004-05-04|0.004
2004-05-05|0.004
2004-05-06|0.004
2004-05-07|0.004
2004-05-08|0.004
2004-05-09|0.004
2004-06-01|0.004
2004-06-02|0.004
2004-06-03|0.004
2004-06-04|0.004
2004-06-05|0.004
2004-06-06|0.004
2004-06-07|0.004
2004-06-08|0.004
2004-06-09|0.004
2004-07-01|0.001
2004-07-02|0.001
2004-07-03|0.001
2004-07-04|0.001
2004-07-05|0.001
2004-07-06|0.001
2004-07-07|0.001
2004-07-08|0.001
2004-07-09|0.001
2004-08-01|0.001
2004-08-02|0.001
2004-08-03|0.001
2004-08-04|0.001
2004-08-05|0.001
2004-08-06|0.001
2004-08-07|0.001
2004-08-08|0.001
2004-08-09|0.001
2004-09-01|0.003
2004-09-02|0.003
2004-09-03|0.003
2004-09-04|0.003
2004-09-05|0.003
2004-09-06|0.003
2004-09-07|0.003
2004-09-08|0.003
2004-09-09|0.003
2004-10-01|0.005
2004-10-02|0.005
2004-10-03|0.005
2004-10-04|0.005
2004-10-05|0.005
2004-10-06|0.005
2004-10-07|0.005
2004-10-08|0.005
2004-10-09|0.005
2004-11-01|0.005
2004-11-02|0.005
2004-11-03|0.005
2004-11-04|0.005
2004-11-05|0.005
2004-11-06|0.005
2004-11-07|0.005
2004-11-08|0.005
2004-11-09|0.005
2004-12-01|0
2004-12-02|0
2004-12-03|0
2004-12-04|0
2004-12-05|0
2004-12-06|0
2004-12-07|0
2004-12-08|0
2004-12-09|0
2005-01-01|-0.001
2005-01-02|-0.001
2005-01-03|-0.001
2005-01-04|-0.001
2005-01-05|-0.001
2005-01-06|-0.001
2005-01-07|-0.001
2005-01-08|-0.001
2005-01-09|-0.001
2005-02-01|0.004
2005-02-02|0.004
2005-02-03|0.004
2005-02-04|0.004
2005-02-05|0.004
2005-02-06|0.004
2005-02-07|0.004
2005-02-08|0.004
2005-02-09|0.004
2005-03-01|0.004
2005-03-02|0.004
2005-03-03|0.004
2005-03-04|0.004
2005-03-05|0.004
2005-03-06|0.004
2005-03-07|0.004
2005-03-08|0.004
2005-03-09|0.004
2005-04-01|0.003
2005-04-02|0.003
2005-04-03|0.003
2005-04-04|0.003
2005-04-05|0.003
2005-04-06|0.003
2005-04-07|0.003
2005-04-08|0.003
2005-04-09|0.003
2005-05-01|-0.001
2005-05-02|-0.001
2005-05-03|-0.001
2005-05-04|-0.001
2005-05-05|-0.001
2005-05-06|-0.001
2005-05-07|-0.001
2005-05-08|-0.001
2005-05-09|-0.001
2005-06-01|0.001
2005-06-02|0.001
2005-06-03|0.001
2005-06-04|0.001
2005-06-05|0.001
2005-06-06|0.001
2005-06-07|0.001
2005-06-08|0.001
2005-06-09|0.001
2005-07-01|0.006
2005-07-02|0.006
2005-07-03|0.006
2005-07-04|0.006
2005-07-05|0.006
2005-07-06|0.006
2005-07-07|0.006
2005-07-08|0.006
2005-07-09|0.006
2005-08-01|0.006
2005-08-02|0.006
2005-08-03|0.006
2005-08-04|0.006
2005-08-05|0.006
2005-08-06|0.006
2005-08-07|0.006
2005-08-08|0.006
2005-08-09|0.006
2005-09-01|0.014
2005-09-02|0.014
2005-09-03|0.014
2005-09-04|0.014
2005-09-05|0.014
2005-09-06|0.014
2005-09-07|0.014
2005-09-08|0.014
2005-09-09|0.014
2005-10-01|0.002
2005-10-02|0.002
2005-10-03|0.002
2005-10-04|0.002
2005-10-05|0.002
2005-10-06|0.002
2005-10-07|0.002
2005-10-08|0.002
2005-10-09|0.002
2005-11-01|-0.005
2005-11-02|-0.005
2005-11-03|-0.005
2005-11-04|-0.005
2005-11-05|-0.005
2005-11-06|-0.005
2005-11-07|-0.005
2005-11-08|-0.005
2005-11-09|-0.005
2005-12-01|0
2005-12-02|0
2005-12-03|0
2005-12-04|0
2005-12-05|0
2005-12-06|0
2005-12-07|0
2005-12-08|0
2005-12-09|0
2006-01-01|0.006
2006-01-02|0.006
2006-01-03|0.006
2006-01-04|0.006
2006-01-05|0.006
2006-01-06|0.006
2006-01-07|0.006
2006-01-08|0.006
2006-01-09|0.006
2006-02-01|0.001
2006-02-02|0.001
2006-02-03|0.001
2006-02-04|0.001
2006-02-05|0.001
2006-02-06|0.001
2006-02-07|0.001
2006-02-08|0.001
2006-02-09|0.001
2006-03-01|0.002
2006-03-02|0.002
2006-03-03|0.002
2006-03-04|0.002
2006-03-05|0.002
2006-03-06|0.002
2006-03-07|0.002
2006-03-08|0.002
2006-03-09|0.002
2006-04-01|0.005
2006-04-02|0.005
2006-04-03|0.005
2006-04-04|0.005
2006-04-05|0.005
2006-04-06|0.005
2006-04-07|0.005
2006-04-08|0.005
2006-04-09|0.005
2006-05-01|0.003
2006-05-02|0.003
2006-05-03|0.003
2006-05-04|0.003
2006-05-05|0.003
2006-05-06|0.003
2006-05-07|0.003
2006-05-08|0.003
2006-05-09|0.003
2006-06-01|0.002
2006-06-02|0.002
2006-06-03|0.002
2006-06-04|0.002
2006-06-05|0.002
2006-06-06|0.002
2006-06-07|0.002
2006-06-08|0.002
2006-06-09|0.002
2006-07-01|0.005
2006-07-02|0.005
2006-07-03|0.005
2006-07-04|0.005
2006-07-05|0.005
2006-07-06|0.005
2006-07-07|0.005
2006-07-08|0.005
2006-07-09|0.005
2006-08-01|0.004
2006-08-02|0.004
2006-08-03|0.004
2006-08-04|0.004
2006-08-05|0.004
2006-08-06|0.004
2006-08-07|0.004
2006-08-08|0.004
2006-08-09|0.004
2006-09-01|-0.005
2006-09-02|-0.005
2006-09-03|-0.005
2006-09-04|-0.005
2006-09-05|-0.005
2006-09-06|-0.005
2006-09-07|-0.005
2006-09-08|-0.005
2006-09-09|-0.005
2006-10-01|-0.004
2006-10-02|-0.004
2006-10-03|-0.004
2006-10-04|-0.004
2006-10-05|-0.004
2006-10-06|-0.004
2006-10-07|-0.004
2006-10-08|-0.004
2006-10-09|-0.004
2006-11-01|0
2006-11-02|0
2006-11-03|0
2006-11-04|0
2006-11-05|0
2006-11-06|0
2006-11-07|0
2006-11-08|0
2006-11-09|0
2006-12-01|0.005
2006-12-02|0.005
2006-12-03|0.005
2006-12-04|0.005
2006-12-05|0.005
2006-12-06|0.005
2006-12-07|0.005
2006-12-08|0.005
2006-12-09|0.005
2007-01-01|0.002
2007-01-02|0.002
2007-01-03|0.002
2007-01-04|0.002
2007-01-05|0.002
2007-01-06|0.002
2007-01-07|0.002
2007-01-08|0.002
2007-01-09|0.002
2007-02-01|0.004
2007-02-02|0.004
2007-02-03|0.004
2007-02-04|0.004
2007-02-05|0.004
2007-02-06|0.004
2007-02-07|0.004
2007-02-08|0.004
2007-02-09|0.004
2007-03-01|0.005
2007-03-02|0.005
2007-03-03|0.005
2007-03-04|0.005
2007-03-05|0.005
2007-03-06|0.005
2007-03-07|0.005
2007-03-08|0.005
2007-03-09|0.005
2007-04-01|0.003
2007-04-02|0.003
2007-04-03|0.003
2007-04-04|0.003
2007-04-05|0.003
2007-04-06|0.003
2007-04-07|0.003
2007-04-08|0.003
2007-04-09|0.003
2007-05-01|0.004
2007-05-02|0.004
2007-05-03|0.004
2007-05-04|0.004
2007-05-05|0.004
2007-05-06|0.004
2007-05-07|0.004
2007-05-08|0.004
2007-05-09|0.004
2007-06-01|0.002
2007-06-02|0.002
2007-06-03|0.002
2007-06-04|0.002
2007-06-05|0.002
2007-06-06|0.002
2007-06-07|0.002
2007-06-08|0.002
2007-06-09|0.002
2007-07-01|0.002
2007-07-02|0.002
2007-07-03|0.002
2007-07-04|0.002
2007-07-05|0.002
2007-07-06|0.002
2007-07-07|0.002
2007-07-08|0.002
2007-07-09|0.002
2007-08-01|0
2007-08-02|0
2007-08-03|0
2007-08-04|0
2007-08-05|0
2007-08-06|0
2007-08-07|0
2007-08-08|0
2007-08-09|0
2007-09-01|0.004
2007-09-02|0.004
2007-09-03|0.004
2007-09-04|0.004
2007-09-05|0.004
2007-09-06|0.004
2007-09-07|0.004
2007-09-08|0.004
2007-09-09|0.004
2007-10-01|0.003
2007-10-02|0.003
2007-10-03|0.003
2007-10-04|0.003
2007-10-05|0.003
2007-10-06|0.003
2007-10-07|0.003
2007-10-08|0.003
2007-10-09|0.003
2007-11-01|0.008
2007-11-02|0.008
2007-11-03|0.008
2007-11-04|0.008
2007-11-05|0.008
2007-11-06|0.008
2007-11-07|0.008
2007-11-08|0.008
2007-11-09|0.008
2007-12-01|0.003
2007-12-02|0.003
2007-12-03|0.003
2007-12-04|0.003
2007-12-05|0.003
2007-12-06|0.003
2007-12-07|0.003
2007-12-08|0.003
2007-12-09|0.003
2008-01-01|0.003
2008-01-02|0.003
2008-01-03|0.003
2008-01-04|0.003
2008-01-05|0.003
2008-01-06|0.003
2008-01-07|0.003
2008-01-08|0.003
2008-01-09|0.003
2008-02-01|0.003
2008-02-02|0.003
2008-02-03|0.003
2008-02-04|0.003
2008-02-05|0.003
2008-02-06|0.003
2008-02-07|0.003
2008-02-08|0.003
2008-02-09|0.003
2008-03-01|0.003
2008-03-02|0.003
2008-03-03|0.003
2008-03-04|0.003
2008-03-05|0.003
2008-03-06|0.003
2008-03-07|0.003
2008-03-08|0.003
2008-03-09|0.003
2008-04-01|0.003
2008-04-02|0.003
2008-04-03|0.003
2008-04-04|0.003
2008-04-05|0.003
2008-04-06|0.003
2008-04-07|0.003
2008-04-08|0.003
2008-04-09|0.003
2008-05-01|0.005
2008-05-02|0.005
2008-05-03|0.005
2008-05-04|0.005
2008-05-05|0.005
2008-05-06|0.005
2008-05-07|0.005
2008-05-08|0.005
2008-05-09|0.005
2008-06-01|0.007
2008-06-02|0.007
2008-06-03|0.007
2008-06-04|0.007
2008-06-05|0.007
2008-06-06|0.007
2008-06-07|0.007
2008-06-08|0.007
2008-06-09|0.007
2008-07-01|0.004
2008-07-02|0.004
2008-07-03|0.004
2008-07-04|0.004
2008-07-05|0.004
2008-07-06|0.004
2008-07-07|0.004
2008-07-08|0.004
2008-07-09|0.004
2008-08-01|0
2008-08-02|0
2008-08-03|0
2008-08-04|0
2008-08-05|0
2008-08-06|0
2008-08-07|0
2008-08-08|0
2008-08-09|0
2008-09-01|0
2008-09-02|0
2008-09-03|0
2008-09-04|0
2008-09-05|0
2008-09-06|0
2008-09-07|0
2008-09-08|0
2008-09-09|0
2008-10-01|-0.008
2008-10-02|-0.008
2008-10-03|-0.008
2008-10-04|-0.008
2008-10-05|-0.008
2008-10-06|-0.008
2008-10-07|-0.008
2008-10-08|-0.008
2008-10-09|-0.008
2008-11-01|-0.012
2008-11-02|-0.012
2008-11-03|-0.012
2008-11-04|-0.012
2008-11-05|-0.012
2008-11-06|-0.012
2008-11-07|-0.012
2008-11-08|-0.012
2008-11-09|-0.012
2008-12-01|-0.009
2008-12-02|-0.009
2008-12-03|-0.009
2008-12-04|-0.009
2008-12-05|-0.009
2008-12-06|-0.009
2008-12-07|-0.009
2008-12-08|-0.009
2008-12-09|-0.009
2009-01-01|0.002
2009-01-02|0.002
2009-01-03|0.002
2009-01-04|0.002
2009-01-05|0.002
2009-01-06|0.002
2009-01-07|0.002
2009-01-08|0.002
2009-01-09|0.002
2009-02-01|0.003
2009-02-02|0.003
2009-02-03|0.003
2009-02-04|0.003
2009-02-05|0.003
2009-02-06|0.003
2009-02-07|0.003
2009-02-08|0.003
2009-02-09|0.003
2009-03-01|0.001
2009-03-02|0.001
2009-03-03|0.001
2009-03-04|0.001
2009-03-05|0.001
2009-03-06|0.001
2009-03-07|0.001
2009-03-08|0.001
2009-03-09|0.001
2009-04-01|0
2009-04-02|0
2009-04-03|0
2009-04-04|0
2009-04-05|0
2009-04-06|0
2009-04-07|0
2009-04-08|0
2009-04-09|0
2009-05-01|0.003
2009-05-02|0.003
2009-05-03|0.003
2009-05-04|0.003
2009-05-05|0.003
2009-05-06|0.003
2009-05-07|0.003
2009-05-08|0.003
2009-05-09|0.003
2009-06-01|0.006
2009-06-02|0.006
2009-06-03|0.006
2009-06-04|0.006
2009-06-05|0.006
2009-06-06|0.006
2009-06-07|0.006
2009-06-08|0.006
2009-06-09|0.006
2009-07-01|0
2009-07-02|0
2009-07-03|0
2009-07-04|0
2009-07-05|0
2009-07-06|0
2009-07-07|0
2009-07-08|0
2009-07-09|0
2009-08-01|0.004
2009-08-02|0.004
2009-08-03|0.004
2009-08-04|0.004
2009-08-05|0.004
2009-08-06|0.004
2009-08-07|0.004
2009-08-08|0.004
2009-08-09|0.004
2009-09-01|0.002
2009-09-02|0.002
2009-09-03|0.002
2009-09-04|0.002
2009-09-05|0.002
2009-09-06|0.002
2009-09-07|0.002
2009-09-08|0.002
2009-09-09|0.002
2009-10-01|0.002
2009-10-02|0.002
2009-10-03|0.002
2009-10-04|0.002
2009-10-05|0.002
2009-10-06|0.002
2009-10-07|0.002
2009-10-08|0.002
2009-10-09|0.002
2009-11-01|0.004
2009-11-02|0.004
2009-11-03|0.004
2009-11-04|0.004
2009-11-05|0.004
2009-11-06|0.004
2009-11-07|0.004
2009-11-08|0.004
2009-11-09|0.004
2009-12-01|0.002
2009-12-02|0.002
2009-12-03|0.002
2009-12-04|0.002
2009-12-05|0.002
2009-12-06|0.002
2009-12-07|0.002
2009-12-08|0.002
2009-12-09|0.002
2010-01-01|0.003
2010-01-02|0.003
2010-01-03|0.003
2010-01-04|0.003
2010-01-05|0.003
2010-01-06|0.003
2010-01-07|0.003
2010-01-08|0.003
2010-01-09|0.003
2010-02-01|0.001
2010-02-02|0.001
2010-02-03|0.001
2010-02-04|0.001
2010-02-05|0.001
2010-02-06|0.001
2010-02-07|0.001
2010-02-08|0.001
2010-02-09|0.001
2010-03-01|0.001
2010-03-02|0.001
2010-03-03|0.001
2010-03-04|0.001
2010-03-05|0.001
2010-03-06|0.001
2010-03-07|0.001
2010-03-08|0.001
2010-03-09|0.001
2010-04-01|0.002
2010-04-02|0.002
2010-04-03|0.002
2010-04-04|0.002
2010-04-05|0.002
2010-04-06|0.002
2010-04-07|0.002
2010-04-08|0.002
2010-04-09|0.002
2010-05-01|-0.002
2010-05-02|-0.002
2010-05-03|-0.002
2010-05-04|-0.002
2010-05-05|-0.002
2010-05-06|-0.002
2010-05-07|-0.002
2010-05-08|-0.002
2010-05-09|-0.002
2010-06-01|0.001
2010-06-02|0.001
2010-06-03|0.001
2010-06-04|0.001
2010-06-05|0.001
2010-06-06|0.001
2010-06-07|0.001
2010-06-08|0.001
2010-06-09|0.001
2010-07-01|0.002
2010-07-02|0.002
2010-07-03|0.002
2010-07-04|0.002
2010-07-05|0.002
2010-07-06|0.002
2010-07-07|0.002
2010-07-08|0.002
2010-07-09|0.002
2010-08-01|0.002
2010-08-02|0.002
2010-08-03|0.002
2010-08-04|0.002
2010-08-05|0.002
2010-08-06|0.002
2010-08-07|0.002
2010-08-08|0.002
2010-08-09|0.002
2010-09-01|0.002
2010-09-02|0.002
2010-09-03|0.002
2010-09-04|0.002
2010-09-05|0.002
2010-09-06|0.002
2010-09-07|0.002
2010-09-08|0.002
2010-09-09|0.002
2010-10-01|0.003
2010-10-02|0.003
2010-10-03|0.003
2010-10-04|0.003
2010-10-05|0.003
2010-10-06|0.003
2010-10-07|0.003
2010-10-08|0.003
2010-10-09|0.003
2010-11-01|0.002
2010-11-02|0.002
2010-11-03|0.002
2010-11-04|0.002
2010-11-05|0.002
2010-11-06|0.002
2010-11-07|0.002
2010-11-08|0.002
2010-11-09|0.002
2010-12-01|0.004
2010-12-02|0.004
2010-12-03|0.004
2010-12-04|0.004
2010-12-05|0.004
2010-12-06|0.004
2010-12-07|0.004
2010-12-08|0.004
2010-12-09|0.004
2011-01-01|0.003
2011-01-02|0.003
2011-01-03|0.003
2011-01-04|0.003
2011-01-05|0.003
2011-01-06|0.003
2011-01-07|0.003
2011-01-08|0.003
2011-01-09|0.003
2011-02-01|0.004
2011-02-02|0.004
2011-02-03|0.004
2011-02-04|0.004
2011-02-05|0.004
2011-02-06|0.004
2011-02-07|0.004
2011-02-08|0.004
2011-02-09|0.004
2011-03-01|0.005
2011-03-02|0.005
2011-03-03|0.005
2011-03-04|0.005
2011-03-05|0.005
2011-03-06|0.005
2011-03-07|0.005
2011-03-08|0.005
2011-03-09|0.005
2011-04-01|0.004
2011-04-02|0.004
2011-04-03|0.004
2011-04-04|0.004
2011-04-05|0.004
2011-04-06|0.004
2011-04-07|0.004
2011-04-08|0.004
2011-04-09|0.004
2011-05-01|0.001
2011-05-02|0.001
2011-05-03|0.001
2011-05-04|0.001
2011-05-05|0.001
2011-05-06|0.001
2011-05-07|0.001
2011-05-08|0.001
2011-05-09|0.001
2011-06-01|-0.001
2011-06-02|-0.001
2011-06-03|-0.001
2011-06-04|-0.001
2011-06-05|-0.001
2011-06-06|-0.001
2011-06-07|-0.001
2011-06-08|-0.001
2011-06-09|-0.001
2011-07-01|0.002
2011-07-02|0.002
2011-07-03|0.002
2011-07-04|0.002
2011-07-05|0.002
2011-07-06|0.002
2011-07-07|0.002
2011-07-08|0.002
2011-07-09|0.002
2011-08-01|0.002
2011-08-02|0.002
2011-08-03|0.002
2011-08-04|0.002
2011-08-05|0.002
2011-08-06|0.002
2011-08-07|0.002
2011-08-08|0.002
2011-08-09|0.002
2011-09-01|0.003
2011-09-02|0.003
2011-09-03|0.003
2011-09-04|0.003
2011-09-05|0.003
2011-09-06|0.003
2011-09-07|0.003
2011-09-08|0.003
2011-09-09|0.003
2011-10-01|0
2011-10-02|0
2011-10-03|0
2011-10-04|0
2011-10-05|0
2011-10-06|0
2011-10-07|0
2011-10-08|0
2011-10-09|0
2011-11-01|0.001
2011-11-02|0.001
2011-11-03|0.001
2011-11-04|0.001
2011-11-05|0.001
2011-11-06|0.001
2011-11-07|0.001
2011-11-08|0.001
2011-11-09|0.001
2011-12-01|0.002
2011-12-02|0.002
2011-12-03|0.002
2011-12-04|0.002
2011-12-05|0.002
2011-12-06|0.002
2011-12-07|0.002
2011-12-08|0.002
2011-12-09|0.002
2012-01-01|0.003
2012-01-02|0.003
2012-01-03|0.003
2012-01-04|0.003
2012-01-05|0.003
2012-01-06|0.003
2012-01-07|0.003
2012-01-08|0.003
2012-01-09|0.003
2012-02-01|0.004
2012-02-02|0.004
2012-02-03|0.004
2012-02-04|0.004
2012-02-05|0.004
2012-02-06|0.004
2012-02-07|0.004
2012-02-08|0.004
2012-02-09|0.004
2012-03-01|0.003
2012-03-02|0.003
2012-03-03|0.003
2012-03-04|0.003
2012-03-05|0.003
2012-03-06|0.003
2012-03-07|0.003
2012-03-08|0.003
2012-03-09|0.003
2012-04-01|0.001
2012-04-02|0.001
2012-04-03|0.001
2012-04-04|0.001
2012-04-05|0.001
2012-04-06|0.001
2012-04-07|0.001
2012-04-08|0.001
2012-04-09|0.001
2012-05-01|-0.002
2012-05-02|-0.002
2012-05-03|-0.002
2012-05-04|-0.002
2012-05-05|-0.002
2012-05-06|-0.002
2012-05-07|-0.002
2012-05-08|-0.002
2012-05-09|-0.002
2012-06-01|-0.001
2012-06-02|-0.001
2012-06-03|-0.001
2012-06-04|-0.001
2012-06-05|-0.001
2012-06-06|-0.001
2012-06-07|-0.001
2012-06-08|-0.001
2012-06-09|-0.001
2012-07-01|0.002
2012-07-02|0.002
2012-07-03|0.002
2012-07-04|0.002
2012-07-05|0.002
2012-07-06|0.002
2012-07-07|0.002
2012-07-08|0.002
2012-07-09|0.002
2012-08-01|0.005
2012-08-02|0.005
2012-08-03|0.005
2012-08-04|0.005
2012-08-05|0.005
2012-08-06|0.005
2012-08-07|0.005
2012-08-08|0.005
2012-08-09|0.005
2012-09-01|0.005
2012-09-02|0.005
2012-09-03|0.005
2012-09-04|0.005
2012-09-05|0.005
2012-09-06|0.005
2012-09-07|0.005
2012-09-08|0.005
2012-09-09|0.005
2012-10-01|0.001
2012-10-02|0.001
2012-10-03|0.001
2012-10-04|0.001
2012-10-05|0.001
2012-10-06|0.001
2012-10-07|0.001
2012-10-08|0.001
2012-10-09|0.001
2012-11-01|-0.002
2012-11-02|-0.002
2012-11-03|-0.002
2012-11-04|-0.002
2012-11-05|-0.002
2012-11-06|-0.002
2012-11-07|-0.002
2012-11-08|-0.002
2012-11-09|-0.002
2012-12-01|0
2012-12-02|0
2012-12-03|0
2012-12-04|0
2012-12-05|0
2012-12-06|0
2012-12-07|0
2012-12-08|0
2012-12-09|0
2013-01-01|0.001
2013-01-02|0.001
2013-01-03|0.001
2013-01-04|0.001
2013-01-05|0.001
2013-01-06|0.001
2013-01-07|0.001
2013-01-08|0.001
2013-01-09|0.001
2013-02-01|0.005
2013-02-02|0.005
2013-02-03|0.005
2013-02-04|0.005
2013-02-05|0.005
2013-02-06|0.005
2013-02-07|0.005
2013-02-08|0.005
2013-02-09|0.005
2013-03-01|0.001
2013-03-02|0.001
2013-03-03|0.001
2013-03-04|0.001
2013-03-05|0.001
2013-03-06|0.001
2013-03-07|0.001
2013-03-08|0.001
2013-03-09|0.001
2013-04-01|-0.002
2013-04-02|-0.002
2013-04-03|-0.002
2013-04-04|-0.002
2013-04-05|-0.002
2013-04-06|-0.002
2013-04-07|-0.002
2013-04-08|-0.002
2013-04-09|-0.002
2013-05-01|0.002
2013-05-02|0.002
2013-05-03|0.002
2013-05-04|0.002
2013-05-05|0.002
2013-05-06|0.002
2013-05-07|0.002
2013-05-08|0.002
2013-05-09|0.002
2013-06-01|0.003
2013-06-02|0.003
2013-06-03|0.003
2013-06-04|0.003
2013-06-05|0.003
2013-06-06|0.003
2013-06-07|0.003
2013-06-08|0.003
2013-06-09|0.003
2013-07-01|0.002
2013-07-02|0.002
2013-07-03|0.002
2013-07-04|0.002
2013-07-05|0.002
2013-07-06|0.002
2013-07-07|0.002
2013-07-08|0.002
2013-07-09|0.002
2013-08-01|0.002
2013-08-02|0.002
2013-08-03|0.002
2013-08-04|0.002
2013-08-05|0.002
2013-08-06|0.002
2013-08-07|0.002
2013-08-08|0.002
2013-08-09|0.002
2013-09-01|0.002
2013-09-02|0.002
2013-09-03|0.002
2013-09-04|0.002
2013-09-05|0.002
2013-09-06|0.002
2013-09-07|0.002
2013-09-08|0.002
2013-09-09|0.002
2013-10-01|0.001
2013-10-02|0.001
2013-10-03|0.001
2013-10-04|0.001
2013-10-05|0.001
2013-10-06|0.001
2013-10-07|0.001
2013-10-08|0.001
2013-10-09|0.001
2013-11-01|0.001
2013-11-02|0.001
2013-11-03|0.001
2013-11-04|0.001
2013-11-05|0.001
2013-11-06|0.001
2013-11-07|0.001
2013-11-08|0.001
2013-11-09|0.001
2013-12-01|0.003
2013-12-02|0.003
2013-12-03|0.003
2013-12-04|0.003
2013-12-05|0.003
2013-12-06|0.003
2013-12-07|0.003
2013-12-08|0.003
2013-12-09|0.003
2014-01-01|0.001
2014-01-02|0.001
2014-01-03|0.001
2014-01-04|0.001
2014-01-05|0.001
2014-01-06|0.001
2014-01-07|0.001
2014-01-08|0.001
2014-01-09|0.001
2014-02-01|0.001
2014-02-02|0.001
2014-02-03|0.001
2014-02-04|0.001
2014-02-05|0.001
2014-02-06|0.001
2014-02-07|0.001
2014-02-08|0.001
2014-02-09|0.001
2014-03-01|0.001
2014-03-02|0.001
2014-03-03|0.001
2014-03-04|0.001
2014-03-05|0.001
2014-03-06|0.001
2014-03-07|0.001
2014-03-08|0.001
2014-03-09|0.001
2014-04-01|0.003
2014-04-02|0.003
2014-04-03|0.003
2014-04-04|0.003
2014-04-05|0.003
2014-04-06|0.003
2014-04-07|0.003
2014-04-08|0.003
2014-04-09|0.003
2014-05-01|0.002
2014-05-02|0.002
2014-05-03|0.002
2014-05-04|0.002
2014-05-05|0.002
2014-05-06|0.002
2014-05-07|0.002
2014-05-08|0.002
2014-05-09|0.002
2014-06-01|0.003
2014-06-02|0.003
2014-06-03|0.003
2014-06-04|0.003
2014-06-05|0.003
2014-06-06|0.003
2014-06-07|0.003
2014-06-08|0.003
2014-06-09|0.003
2014-07-01|0.001
2014-07-02|0.001
2014-07-03|0.001
2014-07-04|0.001
2014-07-05|0.001
2014-07-06|0.001
2014-07-07|0.001
2014-07-08|0.001
2014-07-09|0.001
2014-08-01|-0.002
2014-08-02|-0.002
2014-08-03|-0.002
2014-08-04|-0.002
2014-08-05|-0.002
2014-08-06|-0.002
2014-08-07|-0.002
2014-08-08|-0.002
2014-08-09|-0.002
2014-09-01|0.001
2014-09-02|0.001
2014-09-03|0.001
2014-09-04|0.001
2014-09-05|0.001
2014-09-06|0.001
2014-09-07|0.001
2014-09-08|0.001
2014-09-09|0.001
2014-10-01|0
2014-10-02|0
2014-10-03|0
2014-10-04|0
2014-10-05|0
2014-10-06|0
2014-10-07|0
2014-10-08|0
2014-10-09|0
2014-11-01|-0.003
2014-11-02|-0.003
2014-11-03|-0.003
2014-11-04|-0.003
2014-11-05|-0.003
2014-11-06|-0.003
2014-11-07|-0.003
2014-11-08|-0.003
2014-11-09|-0.003
2014-12-01|-0.004
2014-12-02|-0.004
2014-12-03|-0.004
2014-12-04|-0.004
2014-12-05|-0.004
2014-12-06|-0.004
2014-12-07|-0.004
2014-12-08|-0.004
2014-12-09|-0.004
2015-01-01|-0.007
2015-01-02|-0.007
2015-01-03|-0.007
2015-01-04|-0.007
2015-01-05|-0.007
2015-01-06|-0.007
2015-01-07|-0.007
2015-01-08|-0.007
2015-01-09|-0.007
2015-02-01|0.002
2015-02-02|0.002
2015-02-03|0.002
2015-02-04|0.002
2015-02-05|0.002
2015-02-06|0.002
2015-02-07|0.002
2015-02-08|0.002
2015-02-09|0.002
2015-03-01|0.002
2015-03-02|0.002
2015-03-03|0.002
2015-03-04|0.002
2015-03-05|0.002
2015-03-06|0.002
2015-03-07|0.002
2015-03-08|0.002
2015-03-09|0.002
2015-04-01|0.001
2015-04-02|0.001
2015-04-03|0.001
2015-04-04|0.001
2015-04-05|0.001
2015-04-06|0.001
2015-04-07|0.001
2015-04-08|0.001
2015-04-09|0.001
2015-05-01|0.004
2015-05-02|0.004
2015-05-03|0.004
2015-05-04|0.004
2015-05-05|0.004
2015-05-06|0.004
2015-05-07|0.004
2015-05-08|0.004
2015-05-09|0.004
2015-06-01|0.003
2015-06-02|0.003
2015-06-03|0.003
2015-06-04|0.003
2015-06-05|0.003
2015-06-06|0.003
2015-06-07|0.003
2015-06-08|0.003
2015-06-09|0.003
2015-07-01|0.001
2015-07-02|0.001
2015-07-03|0.001
2015-07-04|0.001
2015-07-05|0.001
2015-07-06|0.001
2015-07-07|0.001
2015-07-08|0.001
2015-07-09|0.001
2015-08-01|-0.001
2015-08-02|-0.001
2015-08-03|-0.001
2015-08-04|-0.001
2015-08-05|-0.001
2015-08-06|-0.001
2015-08-07|-0.001
2015-08-08|-0.001
2015-08-09|-0.001
2015-09-01|-0.002
2015-09-02|-0.002
2015-09-03|-0.002
2015-09-04|-0.002
2015-09-05|-0.002
2015-09-06|-0.002
2015-09-07|-0.002
2015-09-08|-0.002
2015-09-09|-0.002
2015-10-01|0.002
2015-10-02|0.002
2015-10-03|0.002
2015-10-04|0.002
2015-10-05|0.002
2015-10-06|0.002
2015-10-07|0.002
2015-10-08|0.002
2015-10-09|0.002
2015-11-01|0
2015-11-02|0
2015-11-03|0
2015-11-04|0
2015-11-05|0
2015-11-06|0
2015-11-07|0
2015-11-08|0
2015-11-09|0
2015-12-01|-0.001
2015-12-02|-0.001
2015-12-03|-0.001
2015-12-04|-0.001
2015-12-05|-0.001
2015-12-06|-0.001
2015-12-07|-0.001
2015-12-08|-0.001
2015-12-09|-0.001
2016-01-01|0
2016-01-02|0
2016-01-03|0
2016-01-04|0
2016-01-05|0
2016-01-06|0
2016-01-07|0
2016-01-08|0
2016-01-09|0
2016-02-01|-0.002
2016-02-02|-0.002
2016-02-03|-0.002
2016-02-04|-0.002
2016-02-05|-0.002
2016-02-06|-0.002
2016-02-07|-0.002
2016-02-08|-0.002
2016-02-09|-0.002
2016-03-01|0.001
2016-03-02|0.001
2016-03-03|0.001
2016-03-04|0.001
2016-03-05|0.001
2016-03-06|0.001
2016-03-07|0.001
2016-03-08|0.001
2016-03-09|0.001
2016-04-01|0.004
2016-04-02|0.004
2016-04-03|0.004
2016-04-04|0.004
2016-04-05|0.004
2016-04-06|0.004
2016-04-07|0.004
2016-04-08|0.004
2016-04-09|0.004
2016-05-01|0.002
2016-05-02|0.002
2016-05-03|0.002
2016-05-04|0.002
2016-05-05|0.002
2016-05-06|0.002
2016-05-07|0.002
2016-05-08|0.002
2016-05-09|0.002
2016-06-01|0.002
2016-06-02|0.002
2016-06-03|0.002
2016-06-04|0.002
2016-06-05|0.002
2016-06-06|0.002
2016-06-07|0.002
2016-06-08|0.002
2016-06-09|0.002
2016-07-01|0
2016-07-02|0
2016-07-03|0
2016-07-04|0
2016-07-05|0
2016-07-06|0
2016-07-07|0
2016-07-08|0
2016-07-09|0
2016-08-01|0.002
2016-08-02|0.002
2016-08-03|0.002
2016-08-04|0.002
2016-08-05|0.002
2016-08-06|0.002
2016-08-07|0.002
2016-08-08|0.002
2016-08-09|0.002
2016-09-01|0.003
2016-09-02|0.003
2016-09-03|0.003
2016-09-04|0.003
2016-09-05|0.003
2016-09-06|0.003
2016-09-07|0.003
2016-09-08|0.003
2016-09-09|0.003
2016-10-01|0.004
2016-10-02|0.004
2016-10-03|0.004
2016-10-04|0.004
2016-10-05|0.004
2016-10-06|0.004
2016-10-07|0.004
2016-10-08|0.004
2016-10-09|0.004
2016-11-01|0.002
2016-11-02|0.002
2016-11-03|0.002
2016-11-04|0.002
2016-11-05|0.002
2016-11-06|0.002
2016-11-07|0.002
2016-11-08|0.002
2016-11-09|0.002
2016-12-01|0.003
2016-12-02|0.003
2016-12-03|0.003
2016-12-04|0.003
2016-12-05|0.003
2016-12-06|0.003
2016-12-07|0.003
2016-12-08|0.003
2016-12-09|0.003
2017-01-01|0.006
2017-01-02|0.006
2017-01-03|0.006
2017-01-04|0.006
2017-01-05|0.006
2017-01-06|0.006
2017-01-07|0.006
2017-01-08|0.006
2017-01-09|0.006
2017-02-01|0.001
2017-02-02|0.001
2017-02-03|0.001
2017-02-04|0.001
2017-02-05|0.001
2017-02-06|0.001
2017-02-07|0.001
2017-02-08|0.001
2017-02-09|0.001
2017-03-01|-0.003
2017-03-02|-0.003
2017-03-03|-0.003
2017-03-04|-0.003
2017-03-05|-0.003
2017-03-06|-0.003
2017-03-07|-0.003
2017-03-08|-0.003
2017-03-09|-0.003
2017-04-01|0.002
2017-04-02|0.002
2017-04-03|0.002
2017-04-04|0.002
2017-04-05|0.002
2017-04-06|0.002
2017-04-07|0.002
2017-04-08|0.002
2017-04-09|0.002
2017-05-01|-0.001
2017-05-02|-0.001
2017-05-03|-0.001
2017-05-04|-0.001
2017-05-05|-0.001
2017-05-06|-0.001
2017-05-07|-0.001
2017-05-08|-0.001
2017-05-09|-0.001
2017-06-01|0
2017-06-02|0
2017-06-03|0
2017-06-04|0
2017-06-05|0
2017-06-06|0
2017-06-07|0
2017-06-08|0
2017-06-09|0
2017-07-01|0.001
2017-07-02|0.001
2017-07-03|0.001
2017-07-04|0.001
2017-07-05|0.001
2017-07-06|0.001
2017-07-07|0.001
2017-07-08|0.001
2017-07-09|0.001
2017-08-01|0.004
2017-08-02|0.004
2017-08-03|0.004
2017-08-04|0.004
2017-08-05|0.004
2017-08-06|0.004
2017-08-07|0.004
2017-08-08|0.004
2017-08-09|0.004
2017-09-01|0.005
2017-09-02|0.005
2017-09-03|0.005
2017-09-04|0.005
2017-09-05|0.005
2017-09-06|0.005
2017-09-07|0.005
2017-09-08|0.005
2017-09-09|0.005
2017-10-01|0.001
2017-10-02|0.001
2017-10-03|0.001
2017-10-04|0.001
2017-10-05|0.001
2017-10-06|0.001
2017-10-07|0.001
2017-10-08|0.001
2017-10-09|0.001
2017-11-01|0.004
2017-11-02|0.004
2017-11-03|0.004
2017-11-04|0.004
2017-11-05|0.004
2017-11-06|0.004
2017-11-07|0.004
2017-11-08|0.004
2017-11-09|0.004
2017-12-01|0.001
2017-12-02|0.001
2017-12-03|0.001
2017-12-04|0.001
2017-12-05|0.001
2017-12-06|0.001
2017-12-07|0.001
2017-12-08|0.001
2017-12-09|0.001
2018-01-01|0.005
2018-01-02|0.005
2018-01-03|0.005
2018-01-04|0.005
2018-01-05|0.005
2018-01-06|0.005
2018-01-07|0.005
2018-01-08|0.005
2018-01-09|0.005
2018-02-01|0.002
2018-02-02|0.002
2018-02-03|0.002
2018-02-04|0.002
2018-02-05|0.002
2018-02-06|0.002
2018-02-07|0.002
2018-02-08|0.002
2018-02-09|0.002
2018-03-01|-0.001
2018-03-02|-0.001
2018-03-03|-0.001
2018-03-04|-0.001
2018-03-05|-0.001
2018-03-06|-0.001
2018-03-07|-0.001
2018-03-08|-0.001
2018-03-09|-0.001
2018-04-01|0.002
2018-04-02|0.002
2018-04-03|0.002
2018-04-04|0.002
2018-04-05|0.002
2018-04-06|0.002
2018-04-07|0.002
2018-04-08|0.002
2018-04-09|0.002
2018-05-01|0.002
2018-05-02|0.002
2018-05-03|0.002
2018-05-04|0.002
2018-05-05|0.002
2018-05-06|0.002
2018-05-07|0.002
2018-05-08|0.002
2018-05-09|0.002
2018-06-01|0.001
2018-06-02|0.001
2018-06-03|0.001
2018-06-04|0.001
2018-06-05|0.001
2018-06-06|0.001
2018-06-07|0.001
2018-06-08|0.001
2018-06-09|0.001
2018-07-01|0.002
2018-07-02|0.002
2018-07-03|0.002
2018-07-04|0.002
2018-07-05|0.002
2018-07-06|0.002
2018-07-07|0.002
2018-07-08|0.002
2018-07-09|0.002
2018-08-01|0.002
2018-08-02|0.002
2018-08-03|0.002
2018-08-04|0.002
2018-08-05|0.002
2018-08-06|0.002
2018-08-07|0.002
2018-08-08|0.002
2018-08-09|0.002
2018-09-01|0.001
2018-09-02|0.001
2018-09-03|0.001
2018-09-04|0.001
2018-09-05|0.001
2018-09-06|0.001
2018-09-07|0.001
2018-09-08|0.001
2018-09-09|0.001
2018-10-01|0.003
2018-10-02|0.003
2018-10-03|0.003
2018-10-04|0.003
2018-10-05|0.003
2018-10-06|0.003
2018-10-07|0.003
2018-10-08|0.003
2018-10-09|0.003
2018-11-01|0
2018-11-02|0
2018-11-03|0
2018-11-04|0
2018-11-05|0
2018-11-06|0
2018-11-07|0
2018-11-08|0
2018-11-09|0
2018-12-01|-0.001
2018-12-02|-0.001
2018-12-03|-0.001
2018-12-04|-0.001
2018-12-05|-0.001
2018-12-06|-0.001
2018-12-07|-0.001
2018-12-08|-0.001
2018-12-09|-0.001
2019-01-01|0
2019-01-02|0
2019-01-03|0
2019-01-04|0
2019-01-05|0
2019-01-06|0
2019-01-07|0
2019-01-08|0
2019-01-09|0
2019-02-01|0.002
2019-02-02|0.002
2019-02-03|0.002
2019-02-04|0.002
2019-02-05|0.002
2019-02-06|0.002
2019-02-07|0.002
2019-02-08|0.002
2019-02-09|0.002
2019-03-01|0.004
2019-03-02|0.004
2019-03-03|0.004
2019-03-04|0.004
2019-03-05|0.004
2019-03-06|0.004
2019-03-07|0.004
2019-03-08|0.004
2019-03-09|0.004
2019-04-01|0.003
2019-04-02|0.003
2019-04-03|0.003
2019-04-04|0.003
2019-04-05|0.003
2019-04-06|0.003
2019-04-07|0.003
2019-04-08|0.003
2019-04-09|0.003
2019-05-01|0.001
2019-05-02|0.001
2019-05-03|0.001
2019-05-04|0.001
2019-05-05|0.001
2019-05-06|0.001
2019-05-07|0.001
2019-05-08|0.001
2019-05-09|0.001
2019-06-01|0.001
2019-06-02|0.001
2019-06-03|0.001
2019-06-04|0.001
2019-06-05|0.001
2019-06-06|0.001
2019-06-07|0.001
2019-06-08|0.001
2019-06-09|0.001
2019-07-01|0.003
2019-07-02|0.003
2019-07-03|0.003
2019-07-04|0.003
2019-07-05|0.003
2019-07-06|0.003
2019-07-07|0.003
2019-07-08|0.003
2019-07-09|0.003
2019-08-01|0.001
2019-08-02|0.001
2019-08-03|0.001
2019-08-04|0.001
2019-08-05|0.001
2019-08-06|0.001
2019-08-07|0.001
2019-08-08|0.001
2019-08-09|0.001
2019-09-01|0
2019-09-02|0
2019-09-03|0
2019-09-04|0
2019-09-05|0
2019-09-06|0
2019-09-07|0
2019-09-08|0
2019-09-09|0
2019-10-01|0.004
2019-10-02|0.004
2019-10-03|0.004
2019-10-04|0.004
2019-10-05|0.004
2019-10-06|0.004
2019-10-07|0.004
2019-10-08|0.004
2019-10-09|0.004
2019-11-01|0.003
2019-11-02|0.003
2019-11-03|0.003
2019-11-04|0.003
2019-11-05|0.003
2019-11-06|0.003
2019-11-07|0.003
2019-11-08|0.003
2019-11-09|0.003
2019-12-01|0.002
2019-12-02|0.002
2019-12-03|0.002
2019-12-04|0.002
2019-12-05|0.002
2019-12-06|0.002
2019-12-07|0.002
2019-12-08|0.002
2019-12-09|0.002
2020-01-01|0.001
2020-01-02|0.001
2020-01-03|0.001
2020-01-04|0.001
2020-01-05|0.001
2020-01-06|0.001
2020-01-07|0.001
2020-01-08|0.001
2020-01-09|0.001
2020-02-01|0.001
2020-02-02|0.001
2020-02-03|0.001
2020-02-04|0.001
2020-02-05|0.001
2020-02-06|0.001
2020-02-07|0.001
2020-02-08|0.001
2020-02-09|0.001
2020-03-01|-0.004
2020-03-02|-0.004
2020-03-03|-0.004
2020-03-04|-0.004
2020-03-05|-0.004
2020-03-06|-0.004
2020-03-07|-0.004
2020-03-08|-0.004
2020-03-09|-0.004
2020-04-01|-0.008
2020-04-02|-0.008
2020-04-03|-0.008
2020-04-04|-0.008
2020-04-05|-0.008
2020-04-06|-0.008
2020-04-07|-0.008
2020-04-08|-0.008
2020-04-09|-0.008
2020-05-01|-0.001
2020-05-02|-0.001
2020-05-03|-0.001
2020-05-04|-0.001
2020-05-05|-0.001
2020-05-06|-0.001
2020-05-07|-0.001
2020-05-08|-0.001
2020-05-09|-0.001
2020-06-01|0.006
2020-06-02|0.006
2020-06-03|0.006
2020-06-04|0.006
2020-06-05|0.006
2020-06-06|0.006
2020-06-07|0.006
2020-06-08|0.006
2020-06-09|0.006
2020-07-01|0.006
2020-07-02|0.006
2020-07-03|0.006
2020-07-04|0.006
2020-07-05|0.006
2020-07-06|0.006
2020-07-07|0.006
2020-07-08|0.006
2020-07-09|0.006
2020-08-01|0.004
2020-08-02|0.004
2020-08-03|0.004
2020-08-04|0.004
2020-08-05|0.004
2020-08-06|0.004
2020-08-07|0.004
2020-08-08|0.004
2020-08-09|0.004
2020-09-01|0.002
2020-09-02|0.002
2020-09-03|0.002
2020-09-04|0.002
2020-09-05|0.002
2020-09-06|0.002
2020-09-07|0.002
2020-09-08|0.002
2020-09-09|0.002
2020-10-01|0
2020-10-02|0
2020-10-03|0
2020-10-04|0
2020-10-05|0
2020-10-06|0
2020-10-07|0
2020-10-08|0
2020-10-09|0
2020-11-01|0.002
2020-11-02|0.002
2020-11-03|0.002
2020-11-04|0.002
2020-11-05|0.002
2020-11-06|0.002
2020-11-07|0.002
2020-11-08|0.002
2020-11-09|0.002
2020-12-01|0.004
2020-12-02|0.004
2020-12-03|0.004
2020-12-04|0.004
2020-12-05|0.004
2020-12-06|0.004
2020-12-07|0.004
2020-12-08|0.004
2020-12-09|0.004
2021-01-01|0.003
2021-01-02|0.003
2021-01-03|0.003
2021-01-04|0.003
2021-01-05|0.003
2021-01-06|0.003
2021-01-07|0.003
2021-01-08|0.003
2021-01-09|0.003
2021-02-01|0.004
2021-02-02|0.004
2021-02-03|0.004
2021-02-04|0.004
2021-02-05|0.004
2021-02-06|0.004
2021-02-07|0.004
2021-02-08|0.004
2021-02-09|0.004
2021-03-01|0.006
2021-03-02|0.006
2021-03-03|0.006
2021-03-04|0.006
2021-03-05|0.006
2021-03-06|0.006
2021-03-07|0.006
2021-03-08|0.006
2021-03-09|0.006
2021-04-01|0.008
2021-04-02|0.008
2021-04-03|0.008
2021-04-04|0.008
2021-04-05|0.008
2021-04-06|0.008
2021-04-07|0.008
2021-04-08|0.008
2021-04-09|0.008
2021-05-01|0.006
2021-05-02|0.006
2021-05-03|0.006
2021-05-04|0.006
2021-05-05|0.006
2021-05-06|0.006
2021-05-07|0.006
2021-05-08|0.006
2021-05-09|0.006
2021-06-01|0.009
2021-06-02|0.009
2021-06-03|0.009
2021-06-04|0.009
2021-06-05|0.009
2021-06-06|0.009
2021-06-07|0.009
2021-06-08|0.009
2021-06-09|0.009
2021-07-01|0.005
2021-07-02|0.005
2021-07-03|0.005
2021-07-04|0.005
2021-07-05|0.005
2021-07-06|0.005
2021-07-07|0.005
2021-07-08|0.005
2021-07-09|0.005
2021-08-01|0.003
2021-08-02|0.003
2021-08-03|0.003
2021-08-04|0.003
2021-08-05|0.003
2021-08-06|0.003
2021-08-07|0.003
2021-08-08|0.003
2021-08-09|0.003
2021-09-01|0.004
2021-09-02|0.004
2021-09-03|0.004
2021-09-04|0.004
2021-09-05|0.004
2021-09-06|0.004
2021-09-07|0.004
2021-09-08|0.004
2021-09-09|0.004
2021-10-01|0.009
2021-10-02|0.009
2021-10-03|0.009
2021-10-04|0.009
2021-10-05|0.009
2021-10-06|0.009
2021-10-07|0.009
2021-10-08|0.009
2021-10-09|0.009
2021-11-01|0.008
2021-11-02|0.008
2021-11-03|0.008
2021-11-04|0.008
2021-11-05|0.008
2021-11-06|0.008
2021-11-07|0.008
2021-11-08|0.008
2021-11-09|0.008
2021-12-01|0.005
2021-12-02|0.005
2021-12-03|0.005
2021-12-04|0.005
2021-12-05|0.005
2021-12-06|0.005
2021-12-07|0.005
2021-12-08|0.005
2021-12-09|0.005
2022-01-01|0.006
2022-01-02|0.006
2022-01-03|0.006
2022-01-04|0.006
2022-01-05|0.006
2022-01-06|0.006
2022-01-07|0.006
2022-01-08|0.006
2022-01-09|0.006
2022-02-01|0.008
2022-02-02|0.008
2022-02-03|0.008
2022-02-04|0.008
2022-02-05|0.008
2022-02-06|0.008
2022-02-07|0.008
2022-02-08|0.008
2022-02-09|0.008
2022-03-01|0.012
2022-03-02|0.012
2022-03-03|0.012
2022-03-04|0.012
2022-03-05|0.012
2022-03-06|0.012
2022-03-07|0.012
2022-03-08|0.012
2022-03-09|0.012
2022-04-01|0.003
2022-04-02|0.003
2022-04-03|0.003
2022-04-04|0.003
2022-04-05|0.003
2022-04-06|0.003
2022-04-07|0.003
2022-04-08|0.003
2022-04-09|0.003
2022-05-01|0.01
2022-05-02|0.01
2022-05-03|0.01
2022-05-04|0.01
2022-05-05|0.01
2022-05-06|0.01
2022-05-07|0.01
2022-05-08|0.01
2022-05-09|0.01
2022-06-01|0.013
2022-06-02|0.013
2022-06-03|0.013
2022-06-04|0.013
2022-06-05|0.013
2022-06-06|0.013
2022-06-07|0.013
2022-06-08|0.013
2022-06-09|0.013
2022-07-01|0
2022-07-02|0
2022-07-03|0
2022-07-04|0
2022-07-05|0
2022-07-06|0
2022-07-07|0
2022-07-08|0
2022-07-09|0
2022-08-01|0.001
2022-08-02|0.001
2022-08-03|0.001
2022-08-04|0.001
2022-08-05|0.001
2022-08-06|0.001
2022-08-07|0.001
2022-08-08|0.001
2022-08-09|0.001
2022-09-01|0.004
2022-09-02|0.004
2022-09-03|0.004
2022-09-04|0.004
2022-09-05|0.004
2022-09-06|0.004
2022-09-07|0.004
2022-09-08|0.004
2022-09-09|0.004
2022-10-01|0.004
2022-10-02|0.004
2022-10-03|0.004
2022-10-04|0.004
2022-10-05|0.004
2022-10-06|0.004
2022-10-07|0.004
2022-10-08|0.004
2022-10-09|0.004
2022-11-01|0.001
2022-11-02|0.001
2022-11-03|0.001
2022-11-04|0.001
2022-11-05|0.001
2022-11-06|0.001
2022-11-07|0.001
2022-11-08|0.001
2022-11-09|0.001
2022-12-01|-0.001
2022-12-02|-0.001
2022-12-03|-0.001
2022-12-04|-0.001
2022-12-05|-0.001
2022-12-06|-0.001
2022-12-07|-0.001
2022-12-08|-0.001
2022-12-09|-0.001
2023-01-01|0.005
2023-01-02|0.005
2023-01-03|0.005
2023-01-04|0.005
2023-01-05|0.005
2023-01-06|0.005
2023-01-07|0.005
2023-01-08|0.005
2023-01-09|0.005
2023-02-01|0.004
2023-02-02|0.004
2023-02-03|0.004
2023-02-04|0.004
2023-02-05|0.004
2023-02-06|0.004
2023-02-07|0.004
2023-02-08|0.004
2023-02-09|0.004
